"","n_guesses","entropy_start","entropy_end","mean_entropy_drop","max_entropy_drop","early_entropy_drop","monotone_entropy","green_fraction","yellow_fraction","valid","source"
"1",4,13.6631133084558,1,4.22103776948527,5.8398553628348,4.40256615666412,TRUE,0.4,0.25,1,"synthetic_valid"
"2",6,13.6631133084558,4.32192809488736,1.86823704271369,2.63804422551744,2.23294830767288,TRUE,0.266666666666667,0.1,1,"synthetic_valid"
"3",6,13.6631133084558,2,2.33262266169116,5.89481776330794,4.74659415350675,TRUE,0.633333333333333,0,1,"synthetic_valid"
"4",6,13.6631133084558,2.32192809488736,2.26823704271369,3.93179427743074,3.61008490630354,TRUE,0.433333333333333,0.0666666666666667,1,"synthetic_valid"
"5",6,13.6631133084558,4.16992500144231,1.8986376614027,4.63084286214047,1.70878030110006,TRUE,0.333333333333333,0.0333333333333333,1,"synthetic_valid"
"6",3,13.6631133084558,1.58496250072116,6.03907540386732,9.11287385724122,6.03907540386732,TRUE,0.466666666666667,0.133333333333333,1,"synthetic_valid"
"7",5,13.6631133084558,0,3.41577832711395,3.91324388105896,3.62686118615905,TRUE,0.4,0.12,1,"synthetic_valid"
"8",5,13.6631133084558,0,3.41577832711395,5.4374053123073,2.82037274771368,TRUE,0.28,0.08,1,"synthetic_valid"
"9",5,13.6631133084558,1,3.16577832711395,4.44294349584873,3.11008490630354,TRUE,0.48,0.12,1,"synthetic_valid"
"10",5,13.6631133084558,1.58496250072116,3.01953770193366,5.08312651384717,4.0242017321703,TRUE,0.48,0.12,1,"synthetic_valid"
"11",5,13.6631133084558,0,3.41577832711395,5.2336196767597,4.3315566542279,TRUE,0.4,0.08,1,"synthetic_valid"
"12",6,13.6631133084558,0,2.73262266169116,4.77653374531223,1.63593485951418,TRUE,0.4,0.0666666666666667,1,"synthetic_valid"
"13",6,13.6631133084558,4.4594316186373,1.8407363379637,3.59837054370555,3.11008490630354,TRUE,0.466666666666667,0.0333333333333333,1,"synthetic_valid"
"14",5,13.6631133084558,1.58496250072116,3.01953770193366,3.63972830415205,3.63539794283852,TRUE,0.32,0.28,1,"synthetic_valid"
"15",6,13.6631133084558,3,2.13262266169116,5.62580755299854,3.72682997141343,TRUE,0.266666666666667,0.0666666666666667,1,"synthetic_valid"
"16",4,13.6631133084558,0,4.5543711028186,5.56139402958275,4.74659415350675,TRUE,0.55,0.05,1,"synthetic_valid"
"17",5,13.6631133084558,1.58496250072116,3.01953770193366,7.61323695471633,5.67059260678422,TRUE,0.6,0.12,1,"synthetic_valid"
"18",6,13.6631133084558,2.32192809488736,2.26823704271369,4.74779807737715,3.28782523360273,TRUE,0.5,0.0333333333333333,1,"synthetic_valid"
"19",6,13.6631133084558,1.58496250072116,2.41563016154693,5.75488750216347,2.55043544211737,TRUE,0.6,0,1,"synthetic_valid"
"20",5,13.6631133084558,1.58496250072116,3.01953770193366,3.84130225398094,2.23294830767288,TRUE,0.24,0.2,1,"synthetic_valid"
"21",6,13.6631133084558,1,2.53262266169116,4.41503749927884,1.98133679515736,TRUE,0.333333333333333,0.133333333333333,1,"synthetic_valid"
"22",5,13.6631133084558,1.58496250072116,3.01953770193366,5.52791135652006,4.24659415350675,TRUE,0.48,0.16,1,"synthetic_valid"
"23",5,13.6631133084558,0,3.41577832711395,5.12239663135973,2.97787708818746,TRUE,0.48,0.12,1,"synthetic_valid"
"24",6,13.6631133084558,2.32192809488736,2.26823704271369,4.4690176674665,3.71714730897996,TRUE,0.433333333333333,0.0666666666666667,1,"synthetic_valid"
"25",4,13.6631133084558,1.58496250072116,4.02605026924488,7.6122541923889,2.23294830767288,TRUE,0.45,0.05,1,"synthetic_valid"
"26",6,13.6631133084558,2.32192809488736,2.26823704271369,4.63084286214047,1.70878030110006,TRUE,0.466666666666667,0.0333333333333333,1,"synthetic_valid"
"27",6,13.6631133084558,0,2.73262266169116,8.10852445677817,5.24659415350675,TRUE,0.533333333333333,0.1,1,"synthetic_valid"
"28",6,13.6631133084558,2.8073549220576,2.17115167727964,4.96015048739343,1.70878030110006,TRUE,0.3,0.0333333333333333,1,"synthetic_valid"
"29",5,13.6631133084558,1.58496250072116,3.01953770193366,5.10975385185971,2.23294830767288,TRUE,0.44,0.08,1,"synthetic_valid"
"30",6,13.6631133084558,1,2.53262266169116,3.4594316186373,1.70878030110006,TRUE,0.233333333333333,0.133333333333333,1,"synthetic_valid"
"31",6,13.6631133084558,2.8073549220576,2.17115167727964,4.17704943587569,3.00245091285201,TRUE,0.333333333333333,0.1,1,"synthetic_valid"
"32",6,13.6631133084558,0,2.73262266169116,5.88175359493115,3.9278791931991,TRUE,0.433333333333333,0.0666666666666667,1,"synthetic_valid"
"33",6,13.6631133084558,0,2.73262266169116,5.51832530769087,2.77991275002189,TRUE,0.4,0.2,1,"synthetic_valid"
"34",3,13.6631133084558,3,5.3315566542279,5.92481250360578,5.3315566542279,TRUE,0.4,0.133333333333333,1,"synthetic_valid"
"35",5,13.6631133084558,2.32192809488736,2.83529630339211,6.17427440190536,4.5697756761994,TRUE,0.52,0.04,1,"synthetic_valid"
"36",5,13.6631133084558,0,3.41577832711395,5,3.00245091285201,TRUE,0.28,0.24,1,"synthetic_valid"
"37",6,13.6631133084558,3.58496250072116,2.01563016154693,4.4690176674665,3.71714730897996,TRUE,0.4,0.1,1,"synthetic_valid"
"38",4,13.6631133084558,0,4.5543711028186,7.70735913208088,2.97787708818746,TRUE,0.3,0.3,1,"synthetic_valid"
"39",5,13.6631133084558,0,3.41577832711395,5.59165094589918,4.10184084490925,TRUE,0.4,0.16,1,"synthetic_valid"
"40",6,13.6631133084558,1,2.53262266169116,4.54511298811459,1.70878030110006,TRUE,0.366666666666667,0.0333333333333333,1,"synthetic_valid"
"41",4,13.6631133084558,1.58496250072116,4.02605026924488,6.22239242133645,2.9278791931991,TRUE,0.3,0.2,1,"synthetic_valid"
"42",5,13.6631133084558,0,3.41577832711395,5.28540221886225,1.70878030110006,TRUE,0.28,0,1,"synthetic_valid"
"43",4,13.6631133084558,1,4.22103776948527,5.32192809488736,3.67059260678422,TRUE,0.35,0.2,1,"synthetic_valid"
"44",4,13.6631133084558,1,4.22103776948527,5.02748073642211,4.98133679515736,TRUE,0.45,0.25,1,"synthetic_valid"
"45",5,13.6631133084558,2,2.91577832711395,5.81136426703975,3.89023512954698,TRUE,0.44,0.12,1,"synthetic_valid"
"46",6,13.6631133084558,1.58496250072116,2.41563016154693,2.96527695049343,2.23172048180972,TRUE,0.2,0.233333333333333,1,"synthetic_valid"
"47",4,13.6631133084558,2.32192809488736,3.78039507118948,5.56139402958275,4.74659415350675,TRUE,0.5,0.05,1,"synthetic_valid"
"48",6,13.6631133084558,0,2.73262266169116,6.25738784269265,4.9278791931991,TRUE,0.633333333333333,0,1,"synthetic_valid"
"49",4,13.6631133084558,0,4.5543711028186,7.78047025909396,5.4278791931991,TRUE,0.55,0.1,1,"synthetic_valid"
"50",5,13.6631133084558,1,3.16577832711395,4.93519285389261,4.40256615666412,TRUE,0.64,0.08,1,"synthetic_valid"
"51",6,13.6631133084558,1,2.53262266169116,5.60169651648096,1.70878030110006,TRUE,0.433333333333333,0.0333333333333333,1,"synthetic_valid"
"52",4,13.6631133084558,2.32192809488736,3.78039507118948,8.34118521356844,4.8315566542279,TRUE,0.55,0,1,"synthetic_valid"
"53",6,13.6631133084558,2,2.33262266169116,3.19967234483636,2.23172048180972,TRUE,0.333333333333333,0.1,1,"synthetic_valid"
"54",6,13.6631133084558,0,2.73262266169116,6.99068796648431,5.03907540386732,TRUE,0.666666666666667,0.0333333333333333,1,"synthetic_valid"
"55",4,13.6631133084558,2,3.88770443615194,5.10734046406429,3.4675964269463,TRUE,0.45,0,1,"synthetic_valid"
"56",6,13.6631133084558,1,2.53262266169116,6.10852445677817,5.17059260678422,TRUE,0.533333333333333,0.166666666666667,1,"synthetic_valid"
"57",6,13.6631133084558,2,2.33262266169116,6.55458885167764,4.8315566542279,TRUE,0.6,0.0333333333333333,1,"synthetic_valid"
"58",6,13.6631133084558,2.32192809488736,2.26823704271369,4.74779807737715,3.28782523360273,TRUE,0.466666666666667,0,1,"synthetic_valid"
"59",6,13.6631133084558,1.58496250072116,2.41563016154693,4.4374053123073,1.70878030110006,TRUE,0.166666666666667,0.0666666666666667,1,"synthetic_valid"
"60",6,13.6631133084558,0,2.73262266169116,5.05528243550119,3.30391543647731,TRUE,0.366666666666667,0.133333333333333,1,"synthetic_valid"
"61",4,13.6631133084558,3.58496250072116,3.35938360257822,4.7799784831263,3.30391543647731,TRUE,0.35,0,1,"synthetic_valid"
"62",3,13.6631133084558,0,6.8315566542279,10.0781508077346,6.8315566542279,TRUE,0.466666666666667,0.333333333333333,1,"synthetic_valid"
"63",6,13.6631133084558,3,2.13262266169116,3.71271804791953,1.70878030110006,TRUE,0.333333333333333,0.0333333333333333,1,"synthetic_valid"
"64",6,13.6631133084558,0,2.73262266169116,5.8398553628348,4.40256615666412,TRUE,0.4,0.133333333333333,1,"synthetic_valid"
"65",5,13.6631133084558,1.58496250072116,3.01953770193366,4.3986707082292,3.50962855934054,TRUE,0.4,0.12,1,"synthetic_valid"
"66",6,13.6631133084558,1,2.53262266169116,3.99021897920741,2.23172048180972,TRUE,0.2,0.166666666666667,1,"synthetic_valid"
"67",5,13.6631133084558,1.58496250072116,3.01953770193366,8.37771108959356,5.67059260678422,TRUE,0.64,0.16,1,"synthetic_valid"
"68",6,13.6631133084558,0,2.73262266169116,4.15527822547791,2.23172048180972,TRUE,0.266666666666667,0.166666666666667,1,"synthetic_valid"
"69",6,13.6631133084558,0,2.73262266169116,4.61037351671204,3.78782523360273,TRUE,0.266666666666667,0.1,1,"synthetic_valid"
"70",6,13.6631133084558,0,2.73262266169116,4.15527822547791,2.23172048180972,TRUE,0.366666666666667,0.1,1,"synthetic_valid"
"71",3,13.6631133084558,3.8073549220576,4.9278791931991,6.25738784269265,4.9278791931991,TRUE,0.6,0,1,"synthetic_valid"
"72",6,13.6631133084558,2,2.33262266169116,3.59837054370555,2.50245091285201,TRUE,0.4,0,1,"synthetic_valid"
"73",6,13.6631133084558,1,2.53262266169116,4.93212788710754,1.82176129004896,TRUE,0.333333333333333,0.0333333333333333,1,"synthetic_valid"
"74",4,13.6631133084558,1.58496250072116,4.02605026924488,6.06474276475026,4.8315566542279,TRUE,0.65,0,1,"synthetic_valid"
"75",4,13.6631133084558,0,4.5543711028186,8.60362634498619,2.52974348173481,TRUE,0.55,0,1,"synthetic_valid"
"76",5,13.6631133084558,0,3.41577832711395,4.38698890318157,3.30391543647731,TRUE,0.28,0.24,1,"synthetic_valid"
"77",6,13.6631133084558,1,2.53262266169116,5.62580755299854,3.72682997141343,TRUE,0.4,0.0666666666666667,1,"synthetic_valid"
"78",6,13.6631133084558,2.32192809488736,2.26823704271369,3.93545974780529,3.76691514575542,TRUE,0.466666666666667,0.0666666666666667,1,"synthetic_valid"
"79",6,13.6631133084558,0,2.73262266169116,5.70735913208088,2.97787708818746,TRUE,0.466666666666667,0.166666666666667,1,"synthetic_valid"
"80",4,13.6631133084558,2.32192809488736,3.78039507118948,6.87528859822269,2.23294830767288,TRUE,0.3,0.15,1,"synthetic_valid"
"81",3,13.6631133084558,1,6.3315566542279,8.57565046720547,6.3315566542279,TRUE,0.533333333333333,0,1,"synthetic_valid"
"82",5,13.6631133084558,0,3.41577832711395,7.12395449734777,4.63539794283852,TRUE,0.52,0,1,"synthetic_valid"
"83",6,13.6631133084558,0,2.73262266169116,4.15808986500534,1.70878030110006,TRUE,0.3,0.1,1,"synthetic_valid"
"84",6,13.6631133084558,1,2.53262266169116,7.4093909361377,5.67059260678422,TRUE,0.7,0.0333333333333333,1,"synthetic_valid"
"85",6,13.6631133084558,0,2.73262266169116,4.88106460824061,3.35445849903447,TRUE,0.266666666666667,0.3,1,"synthetic_valid"
"86",6,13.6631133084558,0,2.73262266169116,4.85798099512757,3.00245091285201,TRUE,0.1,0.266666666666667,1,"synthetic_valid"
"87",4,13.6631133084558,2,3.88770443615194,4.83958944950469,4.0242017321703,TRUE,0.35,0.3,1,"synthetic_valid"
"88",5,13.6631133084558,0,3.41577832711395,9.19721669311005,2.23294830767288,TRUE,0.32,0.08,1,"synthetic_valid"
"89",4,13.6631133084558,0,4.5543711028186,6.2667865406949,6.03907540386732,TRUE,0.5,0.15,1,"synthetic_valid"
"90",3,13.6631133084558,5.20945336562895,4.22682997141343,4.52186566539611,4.22682997141343,TRUE,0.333333333333333,0.2,1,"synthetic_valid"
"91",3,13.6631133084558,6.78135971352466,3.44087679746557,3.93179427743074,3.44087679746557,TRUE,0.333333333333333,0.133333333333333,1,"synthetic_valid"
"92",4,13.6631133084558,0,4.5543711028186,8.10852445677817,6.8315566542279,TRUE,0.35,0.3,1,"synthetic_valid"
"93",6,13.6631133084558,2,2.33262266169116,3.81289310559903,2.82037274771368,TRUE,0.333333333333333,0.0666666666666667,1,"synthetic_valid"
"94",5,13.6631133084558,1.58496250072116,3.01953770193366,6.25738784269265,4.9278791931991,TRUE,0.64,0,1,"synthetic_valid"
"95",6,13.6631133084558,0,2.73262266169116,7.61470984411521,2.23172048180972,TRUE,0.333333333333333,0.133333333333333,1,"synthetic_valid"
"96",4,13.6631133084558,2.58496250072116,3.69271693591155,5.54118080869324,4.5697756761994,TRUE,0.45,0.05,1,"synthetic_valid"
"97",6,13.6631133084558,0,2.73262266169116,5.81136426703975,3.89023512954698,TRUE,0.466666666666667,0.133333333333333,1,"synthetic_valid"
"98",6,13.6631133084558,0,2.73262266169116,5.79094576235386,4.37811135642364,TRUE,0.433333333333333,0.1,1,"synthetic_valid"
"99",5,13.6631133084558,1,3.16577832711395,8.30556130383772,4.9278791931991,TRUE,0.56,0.08,1,"synthetic_valid"
"100",3,13.6631133084558,1,6.3315566542279,9.75622271284729,6.3315566542279,TRUE,0.666666666666667,0,1,"synthetic_valid"
"101",5,13.6631133084558,0,3.41577832711395,8.74819284958946,2.45746022943317,TRUE,0.32,0.08,1,"synthetic_valid"
"102",6,13.6631133084558,2.8073549220576,2.17115167727964,3.25873426840017,1.70878030110006,TRUE,0.0666666666666667,0.0666666666666667,1,"synthetic_valid"
"103",6,13.6631133084558,1,2.53262266169116,4.75755668893945,4.67059260678422,TRUE,0.466666666666667,0.233333333333333,1,"synthetic_valid"
"104",5,13.6631133084558,0,3.41577832711395,3.93179427743074,3.67059260678422,TRUE,0.48,0.12,1,"synthetic_valid"
"105",3,13.6631133084558,4.08746284125034,4.78782523360273,4.93519285389261,4.78782523360273,TRUE,0.533333333333333,0.133333333333333,1,"synthetic_valid"
"106",3,13.6631133084558,3.58496250072116,5.03907540386732,5.70505634621146,5.03907540386732,TRUE,0.4,0.133333333333333,1,"synthetic_valid"
"107",4,13.6631133084558,5.12928301694497,2.84461009717028,2.97486299932263,2.90881162875572,TRUE,0.35,0.05,1,"synthetic_valid"
"108",5,13.6631133084558,1,3.16577832711395,3.93490497177812,2.82037274771368,TRUE,0.28,0.12,1,"synthetic_valid"
"109",6,13.6631133084558,0,2.73262266169116,4.05237670432578,3.75668309447556,TRUE,0.2,0.3,1,"synthetic_valid"
"110",3,13.6631133084558,0,6.8315566542279,8.61871918909735,6.8315566542279,TRUE,0.666666666666667,0.133333333333333,1,"synthetic_valid"
"111",3,13.6631133084558,0,6.8315566542279,9.73131903102506,6.8315566542279,TRUE,0.4,0.266666666666667,1,"synthetic_valid"
"112",4,13.6631133084558,1,4.22103776948527,6.08746284125034,3.28782523360273,TRUE,0.45,0,1,"synthetic_valid"
"113",4,13.6631133084558,0,4.5543711028186,4.94201411974862,4.70759289750611,TRUE,0.55,0.1,1,"synthetic_valid"
"114",5,13.6631133084558,0,3.41577832711395,6.10153802646206,6.03907540386732,TRUE,0.48,0.12,1,"synthetic_valid"
"115",5,13.6631133084558,1,3.16577832711395,5.47823796554752,5.24659415350675,TRUE,0.56,0.08,1,"synthetic_valid"
"116",6,13.6631133084558,0,2.73262266169116,5.16992500144231,1.70878030110006,TRUE,0.133333333333333,0.0666666666666667,1,"synthetic_valid"
"117",6,13.6631133084558,0,2.73262266169116,4.75488750216347,3.05043544211737,TRUE,0.466666666666667,0.0333333333333333,1,"synthetic_valid"
"118",6,13.6631133084558,0,2.73262266169116,6.02790599656988,3.9278791931991,TRUE,0.333333333333333,0.0666666666666667,1,"synthetic_valid"
"119",6,13.6631133084558,0,2.73262266169116,4.6924909650256,3.0816337106863,TRUE,0.466666666666667,0.1,1,"synthetic_valid"
"120",6,13.6631133084558,5.93073733756289,1.54647519417858,2.62279457424689,2.61633037839514,TRUE,0.333333333333333,0.0666666666666667,1,"synthetic_valid"
"121",6,13.6631133084558,2,2.33262266169116,5.11220950358602,2.23172048180972,TRUE,0.466666666666667,0.1,1,"synthetic_valid"
"122",5,13.6631133084558,2.32192809488736,2.83529630339211,4.93519285389261,3.95411290314617,TRUE,0.52,0.12,1,"synthetic_valid"
"123",6,13.6631133084558,0,2.73262266169116,3.90689059560852,1.70878030110006,TRUE,0.2,0.133333333333333,1,"synthetic_valid"
"124",4,13.6631133084558,0,4.5543711028186,5.95806931953408,5.53907540386732,TRUE,0.5,0.25,1,"synthetic_valid"
"125",4,13.6631133084558,4.16992500144231,3.16439610233783,3.87626463157775,3.73664437478789,TRUE,0.4,0.15,1,"synthetic_valid"
"126",4,13.6631133084558,0,4.5543711028186,5.20945336562895,4.22682997141343,TRUE,0.4,0.15,1,"synthetic_valid"
"127",6,13.6631133084558,1.58496250072116,2.41563016154693,4.69348695749933,2.98481317547824,TRUE,0.466666666666667,0.0333333333333333,1,"synthetic_valid"
"128",6,13.6631133084558,2,2.33262266169116,6.17427440190536,4.5697756761994,TRUE,0.433333333333333,0.133333333333333,1,"synthetic_valid"
"129",4,13.6631133084558,0,4.5543711028186,5.61470984411521,4.0242017321703,TRUE,0.45,0.2,1,"synthetic_valid"
"130",6,13.6631133084558,2.8073549220576,2.17115167727964,3.26946067499323,1.70878030110006,TRUE,0.333333333333333,0,1,"synthetic_valid"
"131",5,13.6631133084558,0,3.41577832711395,5.88175359493115,4.63539794283852,TRUE,0.56,0.04,1,"synthetic_valid"
"132",6,13.6631133084558,0,2.73262266169116,4.19004171776368,3.57765933412855,TRUE,0.5,0.133333333333333,1,"synthetic_valid"
"133",6,13.6631133084558,0,2.73262266169116,6.58496250072116,1.70878030110006,TRUE,0.333333333333333,0.0666666666666667,1,"synthetic_valid"
"134",6,13.6631133084558,0,2.73262266169116,4.74779807737715,3.28782523360273,TRUE,0.366666666666667,0.0333333333333333,1,"synthetic_valid"
"135",5,13.6631133084558,0,3.41577832711395,6.02236781302845,2.82037274771368,TRUE,0.36,0.12,1,"synthetic_valid"
"136",5,13.6631133084558,0,3.41577832711395,4.74779807737715,3.28782523360273,TRUE,0.48,0.04,1,"synthetic_valid"
"137",5,13.6631133084558,2,2.91577832711395,4.93519285389261,4.28782523360273,TRUE,0.44,0.28,1,"synthetic_valid"
"138",6,13.6631133084558,1.58496250072116,2.41563016154693,5.82442843541655,4.87811135642364,TRUE,0.633333333333333,0.0333333333333333,1,"synthetic_valid"
"139",6,13.6631133084558,2,2.33262266169116,6.38963133926052,4.3315566542279,TRUE,0.566666666666667,0.0666666666666667,1,"synthetic_valid"
"140",6,13.6631133084558,0,2.73262266169116,4.87333803589749,4.40256615666412,TRUE,0.533333333333333,0.133333333333333,1,"synthetic_valid"
"141",5,13.6631133084558,2,2.91577832711395,6.93330578232333,4.5697756761994,TRUE,0.44,0.12,1,"synthetic_valid"
"142",5,13.6631133084558,2,2.91577832711395,3.81289310559903,2.82037274771368,TRUE,0.28,0.2,1,"synthetic_valid"
"143",5,13.6631133084558,0,3.41577832711395,5.81136426703975,4.40256615666412,TRUE,0.52,0.2,1,"synthetic_valid"
"144",6,13.6631133084558,0,2.73262266169116,4.15527822547791,2.23172048180972,TRUE,0.366666666666667,0.1,1,"synthetic_valid"
"145",3,13.6631133084558,5.75488750216347,3.95411290314617,4.93519285389261,3.95411290314617,TRUE,0.4,0.2,1,"synthetic_valid"
"146",5,13.6631133084558,0,3.41577832711395,7.96267359031471,5.17059260678422,TRUE,0.36,0.32,1,"synthetic_valid"
"147",6,13.6631133084558,1.58496250072116,2.41563016154693,3.61391387441728,3.43434872105285,TRUE,0.5,0,1,"synthetic_valid"
"148",6,13.6631133084558,2.32192809488736,2.26823704271369,3.49398884067367,1.70878030110006,TRUE,0.3,0.0666666666666667,1,"synthetic_valid"
"149",6,13.6631133084558,0,2.73262266169116,4.35755200461808,3.18424627978209,TRUE,0.5,0.0333333333333333,1,"synthetic_valid"
"150",5,13.6631133084558,0,3.41577832711395,6.88264304936184,1.70878030110006,TRUE,0.28,0.08,1,"synthetic_valid"
"151",6,13.6631133084558,0,2.73262266169116,5.54511298811459,1.70878030110006,TRUE,0.333333333333333,0,1,"synthetic_valid"
"152",4,13.6631133084558,1,4.22103776948527,5.32192809488736,3.67059260678422,TRUE,0.35,0.2,1,"synthetic_valid"
"153",6,13.6631133084558,2.58496250072116,2.21563016154693,4.17704943587569,3.00245091285201,TRUE,0.366666666666667,0.166666666666667,1,"synthetic_valid"
"154",6,13.6631133084558,2.58496250072116,2.21563016154693,3.81681525130667,3.70759289750611,TRUE,0.666666666666667,0,1,"synthetic_valid"
"155",5,13.6631133084558,0,3.41577832711395,8.07815080773465,5.8315566542279,TRUE,0.48,0.12,1,"synthetic_valid"
"156",6,13.6631133084558,4.70043971814109,1.79253471806294,3.59837054370555,3.11008490630354,TRUE,0.5,0,1,"synthetic_valid"
"157",5,13.6631133084558,2,2.91577832711395,3.93179427743074,3.67059260678422,TRUE,0.36,0.16,1,"synthetic_valid"
"158",5,13.6631133084558,1.58496250072116,3.01953770193366,4.7799784831263,3.30391543647731,TRUE,0.44,0,1,"synthetic_valid"
"159",6,13.6631133084558,1,2.53262266169116,4.02974734339405,3.11008490630354,TRUE,0.566666666666667,0.0333333333333333,1,"synthetic_valid"
"160",6,13.6631133084558,1,2.53262266169116,4.74779807737715,3.28782523360273,TRUE,0.466666666666667,0,1,"synthetic_valid"
"161",5,13.6631133084558,0,3.41577832711395,4.57074864150146,2.50245091285201,TRUE,0.48,0,1,"synthetic_valid"
"162",6,13.6631133084558,1.58496250072116,2.41563016154693,4.88264304936184,1.70878030110006,TRUE,0.333333333333333,0.0333333333333333,1,"synthetic_valid"
"163",5,13.6631133084558,1,3.16577832711395,5.81136426703975,4.63539794283852,TRUE,0.64,0.08,1,"synthetic_valid"
"164",5,13.6631133084558,0,3.41577832711395,6.99068796648431,4.10184084490925,TRUE,0.48,0.08,1,"synthetic_valid"
"165",6,13.6631133084558,2,2.33262266169116,4.4690176674665,3.71714730897996,TRUE,0.5,0.1,1,"synthetic_valid"
"166",4,13.6631133084558,0,4.5543711028186,9.69783635796238,6.3315566542279,TRUE,0.55,0.15,1,"synthetic_valid"
"167",6,13.6631133084558,0,2.73262266169116,5.7279204545632,5.3315566542279,TRUE,0.466666666666667,0.133333333333333,1,"synthetic_valid"
"168",6,13.6631133084558,4.52356195605701,1.82791027047976,3.59837054370555,3.11008490630354,TRUE,0.466666666666667,0.0333333333333333,1,"synthetic_valid"
"169",2,13.6631133084558,2.58496250072116,11.0781508077346,11.0781508077346,0,TRUE,0.6,0.2,1,"synthetic_valid"
"170",5,13.6631133084558,0,3.41577832711395,5.92396410896746,4.9278791931991,TRUE,0.52,0.08,1,"synthetic_valid"
"171",6,13.6631133084558,1,2.53262266169116,5.88175359493115,4.28782523360273,TRUE,0.6,0.133333333333333,1,"synthetic_valid"
"172",6,13.6631133084558,0,2.73262266169116,4.58496250072116,3.0816337106863,TRUE,0.366666666666667,0.133333333333333,1,"synthetic_valid"
"173",6,13.6631133084558,0,2.73262266169116,3.93179427743074,3.67059260678422,TRUE,0.433333333333333,0.1,1,"synthetic_valid"
"174",6,13.6631133084558,0,2.73262266169116,6.89048143590477,4.9278791931991,TRUE,0.666666666666667,0.0333333333333333,1,"synthetic_valid"
"175",6,13.6631133084558,1.58496250072116,2.41563016154693,4.96015048739343,1.70878030110006,TRUE,0.2,0.0333333333333333,1,"synthetic_valid"
"176",3,13.6631133084558,3.8073549220576,4.9278791931991,6.25738784269265,4.9278791931991,TRUE,0.6,0,1,"synthetic_valid"
"177",5,13.6631133084558,2.8073549220576,2.71393959659955,5.81136426703975,3.61842427687685,TRUE,0.44,0.12,1,"synthetic_valid"
"178",5,13.6631133084558,1,3.16577832711395,3.93179427743074,3.61008490630354,TRUE,0.48,0.08,1,"synthetic_valid"
"179",5,13.6631133084558,1,3.16577832711395,5.4093909361377,4.67059260678422,TRUE,0.56,0.08,1,"synthetic_valid"
"180",3,13.6631133084558,2.32192809488736,5.67059260678422,7.90822580629234,5.67059260678422,TRUE,0.6,0.2,1,"synthetic_valid"
"181",6,13.6631133084558,1.58496250072116,2.41563016154693,6.02790599656988,3.9278791931991,TRUE,0.533333333333333,0,1,"synthetic_valid"
"182",5,13.6631133084558,2,2.91577832711395,5.53148017045039,3.67966628013935,TRUE,0.48,0,1,"synthetic_valid"
"183",5,13.6631133084558,2,2.91577832711395,6.02790599656988,3.9278791931991,TRUE,0.56,0,1,"synthetic_valid"
"184",5,13.6631133084558,1.58496250072116,3.01953770193366,6.37503943134692,1.59015267586457,TRUE,0.24,0.12,1,"synthetic_valid"
"185",5,13.6631133084558,0,3.41577832711395,8.19721669311005,2.23294830767288,TRUE,0.4,0.08,1,"synthetic_valid"
"186",6,13.6631133084558,1,2.53262266169116,4.24547603444949,2.23172048180972,TRUE,0.333333333333333,0.133333333333333,1,"synthetic_valid"
"187",4,13.6631133084558,0,4.5543711028186,5.20212382383046,4.8315566542279,TRUE,0.5,0.15,1,"synthetic_valid"
"188",5,13.6631133084558,1.58496250072116,3.01953770193366,4.7799784831263,3.30391543647731,TRUE,0.4,0.08,1,"synthetic_valid"
"189",4,13.6631133084558,1,4.22103776948527,7.14635653030391,5.53907540386732,TRUE,0.5,0.15,1,"synthetic_valid"
"190",6,13.6631133084558,0,2.73262266169116,5.27188741238777,4.60184084490925,TRUE,0.533333333333333,0.1,1,"synthetic_valid"
"191",6,13.6631133084558,0,2.73262266169116,3.36678233067162,2.23172048180972,TRUE,0.3,0.166666666666667,1,"synthetic_valid"
"192",4,13.6631133084558,2.32192809488736,3.78039507118948,6.877744249949,2.23172048180972,TRUE,0.35,0.1,1,"synthetic_valid"
"193",3,13.6631133084558,2.32192809488736,5.67059260678422,6.55458885167764,5.67059260678422,TRUE,0.466666666666667,0.0666666666666667,1,"synthetic_valid"
"194",6,13.6631133084558,2.58496250072116,2.21563016154693,4.76917172816972,3.29851205899902,TRUE,0.4,0.133333333333333,1,"synthetic_valid"
"195",4,13.6631133084558,0,4.5543711028186,7.12395449734777,5.4278791931991,TRUE,0.55,0.05,1,"synthetic_valid"
"196",4,13.6631133084558,2,3.88770443615194,4.78135971352466,3.44087679746557,TRUE,0.35,0.1,1,"synthetic_valid"
"197",6,13.6631133084558,1,2.53262266169116,6.58496250072116,1.70878030110006,TRUE,0.3,0.0333333333333333,1,"synthetic_valid"
"198",5,13.6631133084558,3.70043971814109,2.49066839757868,3.04746957360537,2.23294830767288,TRUE,0.32,0.12,1,"synthetic_valid"
"199",6,13.6631133084558,2,2.33262266169116,6.55458885167764,4.9278791931991,TRUE,0.633333333333333,0,1,"synthetic_valid"
"200",3,13.6631133084558,5.16992500144231,4.24659415350675,6.55458885167764,4.24659415350675,TRUE,0.466666666666667,0,1,"synthetic_valid"
"201",5,13.6631133084558,0,3.41577832711395,7.24555270625568,1.70878030110006,TRUE,0.2,0.2,1,"synthetic_valid"
"202",6,13.6631133084558,2.32192809488736,2.26823704271369,4.4690176674665,3.71714730897996,TRUE,0.433333333333333,0.0666666666666667,1,"synthetic_valid"
"203",6,13.6631133084558,0,2.73262266169116,3.74250377770764,3.11008490630354,TRUE,0.566666666666667,0.0333333333333333,1,"synthetic_valid"
"204",6,13.6631133084558,3.70043971814109,1.99253471806294,5.28583735535805,3.62686118615905,TRUE,0.333333333333333,0.2,1,"synthetic_valid"
"205",4,13.6631133084558,1,4.22103776948527,7.6582114827518,2.50245091285201,TRUE,0.4,0.05,1,"synthetic_valid"
"206",6,13.6631133084558,0,2.73262266169116,4.17704943587569,3.00245091285201,TRUE,0.366666666666667,0.2,1,"synthetic_valid"
"207",4,13.6631133084558,0,4.5543711028186,8.02790599656988,4.9278791931991,TRUE,0.45,0.05,1,"synthetic_valid"
"208",5,13.6631133084558,0,3.41577832711395,4.69673574937767,2.52974348173481,TRUE,0.44,0.12,1,"synthetic_valid"
"209",5,13.6631133084558,0,3.41577832711395,5.61470984411521,2.66834191066675,TRUE,0.28,0.2,1,"synthetic_valid"
"210",5,13.6631133084558,1,3.16577832711395,5.7279204545632,5.3315566542279,TRUE,0.52,0.12,1,"synthetic_valid"
"211",4,13.6631133084558,3.16992500144231,3.49772943567116,7.44294349584873,4.63539794283852,TRUE,0.45,0,1,"synthetic_valid"
"212",5,13.6631133084558,0,3.41577832711395,5.47823796554752,5.24659415350675,TRUE,0.52,0.08,1,"synthetic_valid"
"213",6,13.6631133084558,1,2.53262266169116,6.34340782229781,4.08563010606307,TRUE,0.5,0,1,"synthetic_valid"
"214",5,13.6631133084558,0,3.41577832711395,7.78047025909396,4.60184084490925,TRUE,0.56,0.08,1,"synthetic_valid"
"215",5,13.6631133084558,0,3.41577832711395,3.93179427743074,3.61008490630354,TRUE,0.48,0.12,1,"synthetic_valid"
"216",4,13.6631133084558,4.32192809488736,3.11372840452281,4.17704943587569,3.00245091285201,TRUE,0.35,0.15,1,"synthetic_valid"
"217",4,13.6631133084558,0,4.5543711028186,7.09325770012486,4.74659415350675,TRUE,0.45,0.2,1,"synthetic_valid"
"218",5,13.6631133084558,0,3.41577832711395,4.4690176674665,3.71714730897996,TRUE,0.48,0.12,1,"synthetic_valid"
"219",3,13.6631133084558,2,5.8315566542279,6.7279204545632,5.8315566542279,TRUE,0.4,0.333333333333333,1,"synthetic_valid"
"220",6,13.6631133084558,0,2.73262266169116,4.7799784831263,3.30391543647731,TRUE,0.4,0.1,1,"synthetic_valid"
"221",4,13.6631133084558,1.58496250072116,4.02605026924488,6.02790599656988,3.9278791931991,TRUE,0.45,0.05,1,"synthetic_valid"
"222",6,13.6631133084558,0,2.73262266169116,3.97400479146706,3.44087679746557,TRUE,0.466666666666667,0.1,1,"synthetic_valid"
"223",5,13.6631133084558,2.58496250072116,2.76953770193366,3.64385618977472,2.25668309447556,TRUE,0.32,0.12,1,"synthetic_valid"
"224",4,13.6631133084558,2,3.88770443615194,6.46344096361944,5.4278791931991,TRUE,0.5,0.25,1,"synthetic_valid"
"225",6,13.6631133084558,2,2.33262266169116,5.56139402958275,4.74659415350675,TRUE,0.466666666666667,0.0333333333333333,1,"synthetic_valid"
"226",5,13.6631133084558,4.4594316186373,2.30092042245463,2.96527695049343,2.23172048180972,TRUE,0.28,0.12,1,"synthetic_valid"
"227",4,13.6631133084558,1,4.22103776948527,6.55458885167764,5.67059260678422,TRUE,0.5,0.05,1,"synthetic_valid"
"228",6,13.6631133084558,1.58496250072116,2.41563016154693,4.19004171776368,3.57765933412855,TRUE,0.3,0.233333333333333,1,"synthetic_valid"
"229",6,13.6631133084558,1.58496250072116,2.41563016154693,3.93179427743074,3.24659415350675,TRUE,0.433333333333333,0.0666666666666667,1,"synthetic_valid"
"230",6,13.6631133084558,0,2.73262266169116,6.92362461136832,1.70878030110006,TRUE,0.466666666666667,0,1,"synthetic_valid"
"231",5,13.6631133084558,0,3.41577832711395,4.6020360140801,4.26691514575542,TRUE,0.48,0.04,1,"synthetic_valid"
"232",5,13.6631133084558,1,3.16577832711395,6.39231742277876,2.23172048180972,TRUE,0.4,0.08,1,"synthetic_valid"
"233",4,13.6631133084558,0,4.5543711028186,7.29462074889163,3.18424627978209,TRUE,0.6,0,1,"synthetic_valid"
"234",5,13.6631133084558,0,3.41577832711395,4.5873334051839,3.20759289750611,TRUE,0.28,0.28,1,"synthetic_valid"
"235",4,13.6631133084558,1.58496250072116,4.02605026924488,6.34340782229781,4.08563010606307,TRUE,0.4,0.05,1,"synthetic_valid"
"236",5,13.6631133084558,0,3.41577832711395,7.6122541923889,2.23294830767288,TRUE,0.4,0.12,1,"synthetic_valid"
"237",5,13.6631133084558,0,3.41577832711395,4.23405533886203,2.98481317547824,TRUE,0.52,0,1,"synthetic_valid"
"238",5,13.6631133084558,0,3.41577832711395,4.58496250072116,3.0816337106863,TRUE,0.36,0.16,1,"synthetic_valid"
"239",5,13.6631133084558,1,3.16577832711395,7.44294349584873,4.63539794283852,TRUE,0.44,0.04,1,"synthetic_valid"
"240",6,13.6631133084558,1,2.53262266169116,4.24547603444949,2.23172048180972,TRUE,0.333333333333333,0.2,1,"synthetic_valid"
"241",6,13.6631133084558,0,2.73262266169116,3.93179427743074,3.61008490630354,TRUE,0.533333333333333,0.1,1,"synthetic_valid"
"242",6,13.6631133084558,0,2.73262266169116,5.37851162325373,2.98133679515736,TRUE,0.466666666666667,0,1,"synthetic_valid"
"243",4,13.6631133084558,0,4.5543711028186,4.9435804049377,4.60184084490925,TRUE,0.45,0.1,1,"synthetic_valid"
"244",6,13.6631133084558,1.58496250072116,2.41563016154693,4.93519285389261,4.63539794283852,TRUE,0.533333333333333,0.166666666666667,1,"synthetic_valid"
"245",6,13.6631133084558,0,2.73262266169116,5.55458885167764,1.70878030110006,TRUE,0.3,0.1,1,"synthetic_valid"
"246",6,13.6631133084558,1,2.53262266169116,4.39231742277876,2.23172048180972,TRUE,0.266666666666667,0.266666666666667,1,"synthetic_valid"
"247",5,13.6631133084558,1.58496250072116,3.01953770193366,4.19004171776368,3.57765933412855,TRUE,0.28,0.4,1,"synthetic_valid"
"248",6,13.6631133084558,0,2.73262266169116,3.93179427743074,3.44087679746557,TRUE,0.5,0.0666666666666667,1,"synthetic_valid"
"249",6,13.6631133084558,1,2.53262266169116,4.1987798641145,3.00245091285201,TRUE,0.466666666666667,0.1,1,"synthetic_valid"
"250",5,13.6631133084558,0,3.41577832711395,6.20368168981851,4.15278065191886,TRUE,0.44,0.16,1,"synthetic_valid"
"251",5,13.6631133084558,0,3.41577832711395,6.69348695749933,2.98481317547824,TRUE,0.48,0.04,1,"synthetic_valid"
"252",5,13.6631133084558,1,3.16577832711395,5.1987798641145,2.50245091285201,TRUE,0.52,0,1,"synthetic_valid"
"253",5,13.6631133084558,1,3.16577832711395,4.93073733756289,2.23172048180972,TRUE,0.36,0.16,1,"synthetic_valid"
"254",5,13.6631133084558,0,3.41577832711395,6.88264304936184,1.70878030110006,TRUE,0.24,0.12,1,"synthetic_valid"
"255",6,13.6631133084558,0,2.73262266169116,7.54045096976216,5.53907540386732,TRUE,0.6,0.1,1,"synthetic_valid"
"256",5,13.6631133084558,2.58496250072116,2.76953770193366,4.93519285389261,3.77729442583882,TRUE,0.48,0.08,1,"synthetic_valid"
"257",5,13.6631133084558,3.32192809488736,2.58529630339211,4.39231742277876,2.23172048180972,TRUE,0.28,0.2,1,"synthetic_valid"
"258",6,13.6631133084558,1,2.53262266169116,3.12239663135973,2.97787708818746,TRUE,0.433333333333333,0.133333333333333,1,"synthetic_valid"
"259",6,13.6631133084558,3.58496250072116,2.01563016154693,4.85798099512757,3.34291669247794,TRUE,0.433333333333333,0,1,"synthetic_valid"
"260",6,13.6631133084558,4.64385618977472,1.80385142373622,3.16873710920485,1.70878030110006,TRUE,0.266666666666667,0,1,"synthetic_valid"
"261",6,13.6631133084558,0,2.73262266169116,5.29032609750153,2.23294830767288,TRUE,0.233333333333333,0.166666666666667,1,"synthetic_valid"
"262",3,13.6631133084558,3.4594316186373,5.10184084490925,6.27188741238777,5.10184084490925,TRUE,0.466666666666667,0.133333333333333,1,"synthetic_valid"
"263",6,13.6631133084558,1.58496250072116,2.41563016154693,4.93519285389261,4.28782523360273,TRUE,0.466666666666667,0.233333333333333,1,"synthetic_valid"
"264",5,13.6631133084558,1,3.16577832711395,4.87333803589749,4.40256615666412,TRUE,0.48,0.16,1,"synthetic_valid"
"265",6,13.6631133084558,2.8073549220576,2.17115167727964,4.4690176674665,3.71714730897996,TRUE,0.4,0.1,1,"synthetic_valid"
"266",6,13.6631133084558,0,2.73262266169116,3.51096191927738,3.12263039678495,TRUE,0.5,0.0666666666666667,1,"synthetic_valid"
"267",5,13.6631133084558,0,3.41577832711395,7.19967234483636,2.23172048180972,TRUE,0.32,0.28,1,"synthetic_valid"
"268",5,13.6631133084558,1.58496250072116,3.01953770193366,5.41401249387808,2.39483459797022,TRUE,0.4,0.12,1,"synthetic_valid"
"269",5,13.6631133084558,0,3.41577832711395,6.01866384426504,2.52974348173481,TRUE,0.48,0.04,1,"synthetic_valid"
"270",3,13.6631133084558,1.58496250072116,6.03907540386732,10.2502984179063,6.03907540386732,TRUE,0.4,0.2,1,"synthetic_valid"
"271",5,13.6631133084558,0,3.41577832711395,7.44294349584873,4.63539794283852,TRUE,0.52,0,1,"synthetic_valid"
"272",5,13.6631133084558,0,3.41577832711395,5.30996648295772,3.38414777257393,TRUE,0.36,0.12,1,"synthetic_valid"
"273",4,13.6631133084558,0,4.5543711028186,7.25029841790633,4.53907540386732,TRUE,0.5,0.05,1,"synthetic_valid"
"274",5,13.6631133084558,0,3.41577832711395,4.7799784831263,3.30391543647731,TRUE,0.36,0.16,1,"synthetic_valid"
"275",5,13.6631133084558,1,3.16577832711395,4.52791135652006,3.74659415350675,TRUE,0.32,0.12,1,"synthetic_valid"
"276",6,13.6631133084558,2.58496250072116,2.21563016154693,3.4594316186373,2.97787708818746,TRUE,0.266666666666667,0.266666666666667,1,"synthetic_valid"
"277",5,13.6631133084558,0,3.41577832711395,6.96578428466209,2.23294830767288,TRUE,0.28,0.12,1,"synthetic_valid"
"278",6,13.6631133084558,0,2.73262266169116,7.90822580629234,4.45411290314617,TRUE,0.6,0.1,1,"synthetic_valid"
"279",4,13.6631133084558,2.32192809488736,3.78039507118948,4.4594316186373,3.44087679746557,TRUE,0.3,0.15,1,"synthetic_valid"
"280",6,13.6631133084558,1,2.53262266169116,3.36678233067162,2.23172048180972,TRUE,0.4,0.1,1,"synthetic_valid"
"281",5,13.6631133084558,0,3.41577832711395,4.52791135652006,3.74659415350675,TRUE,0.36,0.12,1,"synthetic_valid"
"282",6,13.6631133084558,1,2.53262266169116,4.44294349584873,3.11008490630354,TRUE,0.533333333333333,0.0666666666666667,1,"synthetic_valid"
"283",6,13.6631133084558,0,2.73262266169116,7.16992500144231,1.70878030110006,TRUE,0.133333333333333,0.133333333333333,1,"synthetic_valid"
"284",4,13.6631133084558,1.58496250072116,4.02605026924488,7.44294349584873,4.63539794283852,TRUE,0.5,0,1,"synthetic_valid"
"285",6,13.6631133084558,0,2.73262266169116,5.88175359493115,3.9278791931991,TRUE,0.466666666666667,0.0666666666666667,1,"synthetic_valid"
"286",5,13.6631133084558,0,3.41577832711395,5.08312651384717,4.0242017321703,TRUE,0.44,0.2,1,"synthetic_valid"
"287",5,13.6631133084558,0,3.41577832711395,5.27188741238777,4.60184084490925,TRUE,0.48,0.08,1,"synthetic_valid"
"288",5,13.6631133084558,0,3.41577832711395,6.83415498140132,4.67059260678422,TRUE,0.24,0.32,1,"synthetic_valid"
"289",4,13.6631133084558,4.64385618977472,3.00641903956036,4.93519285389261,3.77729442583882,TRUE,0.45,0.1,1,"synthetic_valid"
"290",6,13.6631133084558,0,2.73262266169116,7.90822580629234,4.45411290314617,TRUE,0.6,0.1,1,"synthetic_valid"
"291",6,13.6631133084558,2.32192809488736,2.26823704271369,4.96015048739343,1.70878030110006,TRUE,0.333333333333333,0.0333333333333333,1,"synthetic_valid"
"292",3,13.6631133084558,0,6.8315566542279,6.84293434604062,6.8315566542279,TRUE,0.4,0.333333333333333,1,"synthetic_valid"
"293",4,13.6631133084558,1.58496250072116,4.02605026924488,5.50250034052918,3.28782523360273,TRUE,0.45,0,1,"synthetic_valid"
"294",4,13.6631133084558,0,4.5543711028186,7.56224242422107,3.05043544211737,TRUE,0.3,0.2,1,"synthetic_valid"
"295",4,13.6631133084558,2,3.88770443615194,5.24792751344359,3.20759289750611,TRUE,0.45,0.05,1,"synthetic_valid"
"296",6,13.6631133084558,1,2.53262266169116,4.42919342501379,3.48830639063629,TRUE,0.5,0.0666666666666667,1,"synthetic_valid"
"297",4,13.6631133084558,2.8073549220576,3.6185861287994,4.75488750216347,3.05043544211737,TRUE,0.4,0.05,1,"synthetic_valid"
"298",4,13.6631133084558,1,4.22103776948527,5.3390016082463,4.63539794283852,TRUE,0.3,0.3,1,"synthetic_valid"
"299",4,13.6631133084558,0,4.5543711028186,8.02790599656988,4.9278791931991,TRUE,0.4,0.15,1,"synthetic_valid"
"300",5,13.6631133084558,0,3.41577832711395,5.83289001416474,3.05043544211737,TRUE,0.4,0.04,1,"synthetic_valid"
"301",6,13.6631133084558,2,2.33262266169116,4.4690176674665,3.71714730897996,TRUE,0.5,0.0666666666666667,1,"synthetic_valid"
"302",6,13.6631133084558,0,2.73262266169116,4.93519285389261,3.77729442583882,TRUE,0.533333333333333,0.0666666666666667,1,"synthetic_valid"
"303",6,13.6631133084558,2,2.33262266169116,3.59837054370555,3.18424627978209,TRUE,0.5,0.0333333333333333,1,"synthetic_valid"
"304",3,13.6631133084558,3.32192809488736,5.17059260678422,6.18784690943957,5.17059260678422,TRUE,0.4,0.133333333333333,1,"synthetic_valid"
"305",6,13.6631133084558,1,2.53262266169116,4.96489619904408,3.3963742944362,TRUE,0.266666666666667,0.266666666666667,1,"synthetic_valid"
"306",4,13.6631133084558,2,3.88770443615194,4.4585421642066,3.94087679746557,TRUE,0.4,0.15,1,"synthetic_valid"
"307",4,13.6631133084558,1,4.22103776948527,7.14635653030391,5.53907540386732,TRUE,0.35,0.3,1,"synthetic_valid"
"308",4,13.6631133084558,3.4594316186373,3.4012272299395,4.23405533886203,2.98481317547824,TRUE,0.35,0.1,1,"synthetic_valid"
"309",6,13.6631133084558,2.58496250072116,2.21563016154693,3.93179427743074,3.53907540386732,TRUE,0.333333333333333,0.166666666666667,1,"synthetic_valid"
"310",4,13.6631133084558,0,4.5543711028186,6.78135971352466,3.44087679746557,TRUE,0.3,0.25,1,"synthetic_valid"
"311",5,13.6631133084558,1.58496250072116,3.01953770193366,4.93519285389261,4.63539794283852,TRUE,0.44,0.28,1,"synthetic_valid"
"312",5,13.6631133084558,3,2.66577832711395,5.56855334101741,4.26691514575542,TRUE,0.6,0.04,1,"synthetic_valid"
"313",5,13.6631133084558,0,3.41577832711395,7.5873334051839,4.70759289750611,TRUE,0.56,0,1,"synthetic_valid"
"314",5,13.6631133084558,0,3.41577832711395,6.12412131182919,2.76949599831331,TRUE,0.4,0.08,1,"synthetic_valid"
"315",5,13.6631133084558,0,3.41577832711395,6.78135971352466,3.44087679746557,TRUE,0.32,0.16,1,"synthetic_valid"
"316",6,13.6631133084558,4.52356195605701,1.82791027047976,3.59837054370555,3.11008490630354,TRUE,0.5,0.0333333333333333,1,"synthetic_valid"
"317",6,13.6631133084558,0,2.73262266169116,5.73876783680019,2.80120868838413,TRUE,0.4,0.0666666666666667,1,"synthetic_valid"
"318",3,13.6631133084558,1,6.3315566542279,9.01925711868108,6.3315566542279,TRUE,0.6,0.133333333333333,1,"synthetic_valid"
"319",4,13.6631133084558,2,3.88770443615194,5.91886323727459,5.03907540386732,TRUE,0.45,0.15,1,"synthetic_valid"
"320",6,13.6631133084558,1.58496250072116,2.41563016154693,5.29135639586881,1.70878030110006,TRUE,0.3,0.166666666666667,1,"synthetic_valid"
"321",6,13.6631133084558,4.70043971814109,1.79253471806294,3.59837054370555,3.11008490630354,TRUE,0.5,0,1,"synthetic_valid"
"322",6,13.6631133084558,0,2.73262266169116,7.59702411799803,5.10184084490925,TRUE,0.4,0.133333333333333,1,"synthetic_valid"
"323",3,13.6631133084558,3.70043971814109,4.98133679515736,5.02748073642211,4.98133679515736,TRUE,0.4,0.266666666666667,1,"synthetic_valid"
"324",6,13.6631133084558,2,2.33262266169116,3.81681525130667,3.70759289750611,TRUE,0.6,0,1,"synthetic_valid"
"325",6,13.6631133084558,1.58496250072116,2.41563016154693,3.59837054370555,3.18424627978209,TRUE,0.466666666666667,0.0333333333333333,1,"synthetic_valid"
"326",5,13.6631133084558,0,3.41577832711395,6.55458885167764,6.03907540386732,TRUE,0.72,0,1,"synthetic_valid"
"327",6,13.6631133084558,0,2.73262266169116,5.89481776330794,5.03907540386732,TRUE,0.333333333333333,0.366666666666667,1,"synthetic_valid"
"328",4,13.6631133084558,2.32192809488736,3.78039507118948,5.75106579121106,3.47443389539484,TRUE,0.3,0.15,1,"synthetic_valid"
"329",5,13.6631133084558,2.58496250072116,2.76953770193366,4.7799784831263,3.30391543647731,TRUE,0.36,0.08,1,"synthetic_valid"
"330",6,13.6631133084558,1.58496250072116,2.41563016154693,4.93519285389261,4.78782523360273,TRUE,0.633333333333333,0.0666666666666667,1,"synthetic_valid"
"331",6,13.6631133084558,2,2.33262266169116,4.4690176674665,3.71714730897996,TRUE,0.433333333333333,0.133333333333333,1,"synthetic_valid"
"332",6,13.6631133084558,1,2.53262266169116,3.19140472885276,2.50962855934054,TRUE,0.366666666666667,0.1,1,"synthetic_valid"
"333",6,13.6631133084558,0,2.73262266169116,5.8398553628348,4.40256615666412,TRUE,0.466666666666667,0.133333333333333,1,"synthetic_valid"
"334",6,13.6631133084558,1.58496250072116,2.41563016154693,3.71049338280501,1.70878030110006,TRUE,0.0666666666666667,0.0666666666666667,1,"synthetic_valid"
"335",4,13.6631133084558,1.58496250072116,4.02605026924488,7.90822580629234,4.45411290314617,TRUE,0.6,0.15,1,"synthetic_valid"
"336",6,13.6631133084558,1,2.53262266169116,5.11220950358602,2.23172048180972,TRUE,0.366666666666667,0.1,1,"synthetic_valid"
"337",4,13.6631133084558,3.8073549220576,3.28525279546607,5.38986177105245,2.23294830767288,TRUE,0.3,0.1,1,"synthetic_valid"
"338",4,13.6631133084558,1.58496250072116,4.02605026924488,6.61037351671204,4.78782523360273,TRUE,0.4,0.15,1,"synthetic_valid"
"339",6,13.6631133084558,2.58496250072116,2.21563016154693,4.65100218972785,3.24160210922044,TRUE,0.466666666666667,0.133333333333333,1,"synthetic_valid"
"340",5,13.6631133084558,0,3.41577832711395,6.5077946401987,3.57765933412855,TRUE,0.4,0.2,1,"synthetic_valid"
"341",6,13.6631133084558,0,2.73262266169116,4.14177396112816,2.98481317547824,TRUE,0.333333333333333,0.0333333333333333,1,"synthetic_valid"
"342",5,13.6631133084558,1.58496250072116,3.01953770193366,5.6122541923889,2.23294830767288,TRUE,0.4,0.12,1,"synthetic_valid"
"343",4,13.6631133084558,3.16992500144231,3.49772943567116,6.17427440190536,4.5697756761994,TRUE,0.5,0.05,1,"synthetic_valid"
"344",5,13.6631133084558,0,3.41577832711395,3.93179427743074,3.44087679746557,TRUE,0.4,0.08,1,"synthetic_valid"
"345",3,13.6631133084558,2.8073549220576,5.4278791931991,8.96267359031471,5.4278791931991,TRUE,0.666666666666667,0.133333333333333,1,"synthetic_valid"
"346",6,13.6631133084558,1.58496250072116,2.41563016154693,5.88175359493115,5.53907540386732,TRUE,0.7,0.0666666666666667,1,"synthetic_valid"
"347",6,13.6631133084558,2.8073549220576,2.17115167727964,5.19140472885276,3.50962855934054,TRUE,0.3,0.0666666666666667,1,"synthetic_valid"
"348",3,13.6631133084558,1,6.3315566542279,10.7168194613299,6.3315566542279,TRUE,0.533333333333333,0,1,"synthetic_valid"
"349",6,13.6631133084558,3.8073549220576,1.97115167727964,2.21501289097085,1.70878030110006,TRUE,0.0666666666666667,0.1,1,"synthetic_valid"
"350",4,13.6631133084558,2.8073549220576,3.6185861287994,6.39231742277876,2.23172048180972,TRUE,0.35,0.1,1,"synthetic_valid"
"351",5,13.6631133084558,0,3.41577832711395,8.80513231332823,5.03907540386732,TRUE,0.56,0.08,1,"synthetic_valid"
"352",6,13.6631133084558,3.90689059560852,1.95124454256946,2.14755718841386,1.70878030110006,TRUE,0.133333333333333,0,1,"synthetic_valid"
"353",4,13.6631133084558,1,4.22103776948527,8.10852445677817,5.3315566542279,TRUE,0.7,0,1,"synthetic_valid"
"354",4,13.6631133084558,3.70043971814109,3.32089119677157,6.53383029151084,3.9675964269463,TRUE,0.25,0.35,1,"synthetic_valid"
"355",6,13.6631133084558,2.32192809488736,2.26823704271369,4.74779807737715,3.28782523360273,TRUE,0.466666666666667,0,1,"synthetic_valid"
"356",3,13.6631133084558,5.8073549220576,3.9278791931991,6.02790599656988,3.9278791931991,TRUE,0.466666666666667,0,1,"synthetic_valid"
"357",6,13.6631133084558,0,2.73262266169116,4.93519285389261,3.95411290314617,TRUE,0.5,0.1,1,"synthetic_valid"
"358",5,13.6631133084558,3.32192809488736,2.58529630339211,3.81289310559903,2.82037274771368,TRUE,0.32,0.12,1,"synthetic_valid"
"359",6,13.6631133084558,1,2.53262266169116,4.19004171776368,3.57765933412855,TRUE,0.333333333333333,0.2,1,"synthetic_valid"
"360",6,13.6631133084558,0,2.73262266169116,8.61871918909735,5.4278791931991,TRUE,0.533333333333333,0.1,1,"synthetic_valid"
"361",5,13.6631133084558,2.32192809488736,2.83529630339211,4.64385618977473,2.50245091285201,TRUE,0.4,0,1,"synthetic_valid"
"362",6,13.6631133084558,1,2.53262266169116,5.87822125277725,3.74659415350675,TRUE,0.333333333333333,0.0666666666666667,1,"synthetic_valid"
"363",6,13.6631133084558,1.58496250072116,2.41563016154693,4.70043971814109,2.82037274771368,TRUE,0.433333333333333,0.0666666666666667,1,"synthetic_valid"
"364",3,13.6631133084558,4.90689059560852,4.37811135642364,6.92837032301897,4.37811135642364,TRUE,0.4,0.0666666666666667,1,"synthetic_valid"
"365",6,13.6631133084558,1.58496250072116,2.41563016154693,6.02790599656988,3.9278791931991,TRUE,0.566666666666667,0,1,"synthetic_valid"
"366",6,13.6631133084558,1.58496250072116,2.41563016154693,4.73778507447275,2.23294830767288,TRUE,0.333333333333333,0.133333333333333,1,"synthetic_valid"
"367",6,13.6631133084558,3.16992500144231,2.0986376614027,3.66875987159695,3.64403693855444,TRUE,0.333333333333333,0.0333333333333333,1,"synthetic_valid"
"368",6,13.6631133084558,0,2.73262266169116,5.76629226543572,2.54473306048124,TRUE,0.466666666666667,0.0333333333333333,1,"synthetic_valid"
"369",3,13.6631133084558,2.32192809488736,5.67059260678422,9.51333282374013,5.67059260678422,TRUE,0.466666666666667,0.0666666666666667,1,"synthetic_valid"
"370",6,13.6631133084558,0,2.73262266169116,6.02790599656988,3.9278791931991,TRUE,0.433333333333333,0.1,1,"synthetic_valid"
"371",4,13.6631133084558,2,3.88770443615194,5.4093909361377,4.67059260678422,TRUE,0.4,0.15,1,"synthetic_valid"
"372",5,13.6631133084558,1,3.16577832711395,4.84293434604062,3.77729442583882,TRUE,0.4,0.12,1,"synthetic_valid"
"373",6,13.6631133084558,1,2.53262266169116,5.60169651648096,1.70878030110006,TRUE,0.433333333333333,0.0333333333333333,1,"synthetic_valid"
"374",6,13.6631133084558,1,2.53262266169116,4.02974734339405,3.11008490630354,TRUE,0.6,0.0333333333333333,1,"synthetic_valid"
"375",4,13.6631133084558,2.58496250072116,3.69271693591155,5.3390016082463,4.63539794283852,TRUE,0.4,0.2,1,"synthetic_valid"
"376",6,13.6631133084558,1.58496250072116,2.41563016154693,6.6122541923889,2.23294830767288,TRUE,0.433333333333333,0.133333333333333,1,"synthetic_valid"
"377",4,13.6631133084558,0,4.5543711028186,5.88175359493115,4.28782523360273,TRUE,0.4,0.3,1,"synthetic_valid"
"378",6,13.6631133084558,0,2.73262266169116,4.39231742277876,2.23172048180972,TRUE,0.333333333333333,0.2,1,"synthetic_valid"
"379",6,13.6631133084558,0,2.73262266169116,4.28540221886225,3.61008490630354,TRUE,0.5,0.1,1,"synthetic_valid"
"380",6,13.6631133084558,0,2.73262266169116,3.93179427743074,3.67059260678422,TRUE,0.4,0.166666666666667,1,"synthetic_valid"
"381",6,13.6631133084558,0,2.73262266169116,7.2537223723181,4.35445849903447,TRUE,0.6,0.133333333333333,1,"synthetic_valid"
"382",6,13.6631133084558,0,2.73262266169116,4.70043971814109,2.23172048180972,TRUE,0.366666666666667,0.133333333333333,1,"synthetic_valid"
"383",5,13.6631133084558,1,3.16577832711395,5.49923262669527,2.23172048180972,TRUE,0.36,0.12,1,"synthetic_valid"
"384",4,13.6631133084558,1.58496250072116,4.02605026924488,6.34340782229781,4.08563010606307,TRUE,0.35,0.05,1,"synthetic_valid"
"385",6,13.6631133084558,1.58496250072116,2.41563016154693,3.78759166723617,2.74160210922044,TRUE,0.433333333333333,0,1,"synthetic_valid"
"386",4,13.6631133084558,3.90689059560852,3.25207423761576,4.7799784831263,3.30391543647731,TRUE,0.35,0.05,1,"synthetic_valid"
"387",4,13.6631133084558,4.85798099512757,2.93504410444274,3.93179427743074,3.53907540386732,TRUE,0.3,0.2,1,"synthetic_valid"
"388",6,13.6631133084558,2,2.33262266169116,4.4690176674665,3.71714730897996,TRUE,0.433333333333333,0.133333333333333,1,"synthetic_valid"
"389",5,13.6631133084558,2,2.91577832711395,4.42088657497553,4.00962855934054,TRUE,0.52,0.04,1,"synthetic_valid"
"390",3,13.6631133084558,1,6.3315566542279,9.69783635796238,6.3315566542279,TRUE,0.533333333333333,0.133333333333333,1,"synthetic_valid"
"391",6,13.6631133084558,1.58496250072116,2.41563016154693,4.48828648130948,3.00245091285201,TRUE,0.433333333333333,0.1,1,"synthetic_valid"
"392",6,13.6631133084558,1,2.53262266169116,3.12239663135973,2.97787708818746,TRUE,0.433333333333333,0.133333333333333,1,"synthetic_valid"
"393",6,13.6631133084558,0,2.73262266169116,5.08746284125034,1.70878030110006,TRUE,0.2,0.0333333333333333,1,"synthetic_valid"
"394",6,13.6631133084558,4.52356195605701,1.82791027047976,2.14755718841386,1.70878030110006,TRUE,0.0666666666666667,0.0666666666666667,1,"synthetic_valid"
"395",4,13.6631133084558,0,4.5543711028186,7.65821148275179,3.00245091285201,TRUE,0.4,0.15,1,"synthetic_valid"
"396",5,13.6631133084558,1.58496250072116,3.01953770193366,7.90822580629234,4.45411290314617,TRUE,0.6,0.12,1,"synthetic_valid"
"397",4,13.6631133084558,4.08746284125034,3.19188348906849,4.57074864150146,2.50245091285201,TRUE,0.45,0,1,"synthetic_valid"
"398",4,13.6631133084558,2.32192809488736,3.78039507118948,4.7799784831263,3.30391543647731,TRUE,0.4,0,1,"synthetic_valid"
"399",5,13.6631133084558,0,3.41577832711395,6.02790599656988,3.9278791931991,TRUE,0.52,0.04,1,"synthetic_valid"
"400",5,13.6631133084558,0,3.41577832711395,4.78135971352466,3.94087679746557,TRUE,0.56,0.16,1,"synthetic_valid"
"401",6,13.6631133084558,1.58496250072116,2.41563016154693,6.85875809993542,4.8315566542279,TRUE,0.6,0.0333333333333333,1,"synthetic_valid"
"402",4,13.6631133084558,0,4.5543711028186,5.14295795384204,5.03907540386732,TRUE,0.4,0.2,1,"synthetic_valid"
"403",5,13.6631133084558,0,3.41577832711395,6.92396410896746,5.4278791931991,TRUE,0.6,0.08,1,"synthetic_valid"
"404",6,13.6631133084558,4.24792751344359,1.88303715900244,4.63084286214047,1.70878030110006,TRUE,0.333333333333333,0.0333333333333333,1,"synthetic_valid"
"405",4,13.6631133084558,0,4.5543711028186,7.4093909361377,5.67059260678422,TRUE,0.45,0.2,1,"synthetic_valid"
"406",5,13.6631133084558,0,3.41577832711395,6.44990884451879,4.70759289750611,TRUE,0.4,0.12,1,"synthetic_valid"
"407",6,13.6631133084558,0,2.73262266169116,4.93519285389261,3.77729442583882,TRUE,0.4,0.233333333333333,1,"synthetic_valid"
"408",3,13.6631133084558,4.58496250072116,4.53907540386732,7.25029841790633,4.53907540386732,TRUE,0.4,0.0666666666666667,1,"synthetic_valid"
"409",5,13.6631133084558,0,3.41577832711395,6.83526091862749,4.3315566542279,TRUE,0.44,0.08,1,"synthetic_valid"
"410",5,13.6631133084558,0,3.41577832711395,7.73131903102506,5.8315566542279,TRUE,0.64,0.04,1,"synthetic_valid"
"411",4,13.6631133084558,3.8073549220576,3.28525279546607,5.38986177105245,2.23294830767288,TRUE,0.3,0.1,1,"synthetic_valid"
"412",5,13.6631133084558,0,3.41577832711395,5.28540221886225,3.61008490630354,TRUE,0.4,0.16,1,"synthetic_valid"
"413",6,13.6631133084558,0,2.73262266169116,4.41503749927884,2.23172048180972,TRUE,0.333333333333333,0.133333333333333,1,"synthetic_valid"
"414",5,13.6631133084558,0,3.41577832711395,7.90822580629234,4.28782523360273,TRUE,0.56,0.2,1,"synthetic_valid"
"415",5,13.6631133084558,1.58496250072116,3.01953770193366,5.10975385185971,2.23294830767288,TRUE,0.44,0.08,1,"synthetic_valid"
"416",5,13.6631133084558,0,3.41577832711395,3.8073549220576,3.0816337106863,TRUE,0.36,0.2,1,"synthetic_valid"
"417",6,13.6631133084558,2.32192809488736,2.26823704271369,3.29278174922785,2.23294830767288,TRUE,0.333333333333333,0.0666666666666667,1,"synthetic_valid"
"418",6,13.6631133084558,0,2.73262266169116,4.39231742277876,1.73233413350172,TRUE,0.4,0,1,"synthetic_valid"
"419",6,13.6631133084558,0,2.73262266169116,6.61470984411521,3.5242017321703,TRUE,0.1,0.1,1,"synthetic_valid"
"420",5,13.6631133084558,0,3.41577832711395,5.81136426703975,3.89023512954698,TRUE,0.48,0.16,1,"synthetic_valid"
"421",4,13.6631133084558,0,4.5543711028186,7.25029841790633,4.53907540386732,TRUE,0.35,0.15,1,"synthetic_valid"
"422",5,13.6631133084558,1,3.16577832711395,4.87333803589749,4.40256615666412,TRUE,0.48,0.16,1,"synthetic_valid"
"423",5,13.6631133084558,2,2.91577832711395,4.16239132875691,2.25036098984945,TRUE,0.32,0.08,1,"synthetic_valid"
"424",6,13.6631133084558,2.8073549220576,2.17115167727964,3.87528859822269,2.23294830767288,TRUE,0.333333333333333,0.0666666666666667,1,"synthetic_valid"
"425",4,13.6631133084558,0,4.5543711028186,7.12395449734777,4.98133679515736,TRUE,0.45,0.15,1,"synthetic_valid"
"426",6,13.6631133084558,1,2.53262266169116,5.88175359493115,3.9278791931991,TRUE,0.5,0.166666666666667,1,"synthetic_valid"
"427",6,13.6631133084558,0,2.73262266169116,7.55458885167764,4.50962855934054,TRUE,0.533333333333333,0.0333333333333333,1,"synthetic_valid"
"428",5,13.6631133084558,0,3.41577832711395,7.5873334051839,4.70759289750611,TRUE,0.2,0.4,1,"synthetic_valid"
"429",5,13.6631133084558,3.58496250072116,2.51953770193366,3.14931472176703,2.47960486750557,TRUE,0.24,0.2,1,"synthetic_valid"
"430",5,13.6631133084558,0,3.41577832711395,8.66059020553453,1.70878030110006,TRUE,0.4,0,1,"synthetic_valid"
"431",6,13.6631133084558,2.32192809488736,2.26823704271369,4.46876948321663,1.70878030110006,TRUE,0.333333333333333,0,1,"synthetic_valid"
"432",6,13.6631133084558,5.08746284125034,1.71513009344109,2.63804422551744,2.23294830767288,TRUE,0.2,0.0666666666666667,1,"synthetic_valid"
"433",6,13.6631133084558,1.58496250072116,2.41563016154693,7.90822580629234,4.45411290314617,TRUE,0.6,0.133333333333333,1,"synthetic_valid"
"434",6,13.6631133084558,0,2.73262266169116,4.30387945811118,3.06586592396975,TRUE,0.333333333333333,0.166666666666667,1,"synthetic_valid"
"435",5,13.6631133084558,1,3.16577832711395,5.4093909361377,4.67059260678422,TRUE,0.52,0.08,1,"synthetic_valid"
"436",6,13.6631133084558,2.8073549220576,2.17115167727964,3.26946067499323,1.70878030110006,TRUE,0.333333333333333,0,1,"synthetic_valid"
"437",5,13.6631133084558,1.58496250072116,3.01953770193366,9.02790599656988,5.4278791931991,TRUE,0.56,0.08,1,"synthetic_valid"
"438",5,13.6631133084558,0,3.41577832711395,4.95419631038687,2.23172048180972,TRUE,0.36,0.16,1,"synthetic_valid"
"439",5,13.6631133084558,0,3.41577832711395,5.27188741238777,4.60184084490925,TRUE,0.48,0.12,1,"synthetic_valid"
"440",6,13.6631133084558,1.58496250072116,2.41563016154693,3.31194400631474,1.70878030110006,TRUE,0.3,0,1,"synthetic_valid"
"441",5,13.6631133084558,1,3.16577832711395,6.17427440190536,4.5697756761994,TRUE,0.56,0.04,1,"synthetic_valid"
"442",5,13.6631133084558,4.24792751344359,2.35379644875306,3.36290965689384,1.70878030110006,TRUE,0.2,0.08,1,"synthetic_valid"
"443",4,13.6631133084558,2.8073549220576,3.6185861287994,4.74723392962003,3.05426222838908,TRUE,0.35,0.2,1,"synthetic_valid"
"444",5,13.6631133084558,0,3.41577832711395,4.93519285389261,3.95411290314617,TRUE,0.52,0.16,1,"synthetic_valid"
"445",3,13.6631133084558,1,6.3315566542279,12.0781508077346,6.3315566542279,TRUE,0.666666666666667,0.133333333333333,1,"synthetic_valid"
"446",6,13.6631133084558,1,2.53262266169116,5.02748073642211,4.98133679515736,TRUE,0.566666666666667,0.133333333333333,1,"synthetic_valid"
"447",5,13.6631133084558,2,2.91577832711395,5.12653240592893,2.31484515345918,TRUE,0.4,0.08,1,"synthetic_valid"
"448",2,13.6631133084558,2.58496250072116,11.0781508077346,11.0781508077346,0,TRUE,0.7,0.1,1,"synthetic_valid"
"449",6,13.6631133084558,1,2.53262266169116,3.24792751344359,2.2918142623145,TRUE,0.366666666666667,0.0666666666666667,1,"synthetic_valid"
"450",6,13.6631133084558,0,2.73262266169116,4.3616064195794,3.18885554479678,TRUE,0.333333333333333,0.2,1,"synthetic_valid"
"451",5,13.6631133084558,0,3.41577832711395,4.75488750216347,3.17966628013935,TRUE,0.36,0.2,1,"synthetic_valid"
"452",6,13.6631133084558,0,2.73262266169116,5.8398553628348,4.40256615666412,TRUE,0.466666666666667,0.133333333333333,1,"synthetic_valid"
"453",6,13.6631133084558,0,2.73262266169116,4.88264304936184,2.23294830767288,TRUE,0.4,0.0333333333333333,1,"synthetic_valid"
"454",5,13.6631133084558,0,3.41577832711395,8.16992500144231,1.70878030110006,TRUE,0.28,0,1,"synthetic_valid"
"455",6,13.6631133084558,0,2.73262266169116,3.54808923845769,3.25668309447556,TRUE,0.366666666666667,0.2,1,"synthetic_valid"
"456",5,13.6631133084558,1,3.16577832711395,5.81136426703975,4.20759289750611,TRUE,0.52,0.08,1,"synthetic_valid"
"457",6,13.6631133084558,1,2.53262266169116,5.45395648857115,2.81209715958175,TRUE,0.333333333333333,0.133333333333333,1,"synthetic_valid"
"458",6,13.6631133084558,1.58496250072116,2.41563016154693,6.02790599656988,3.9278791931991,TRUE,0.6,0,1,"synthetic_valid"
"459",5,13.6631133084558,0,3.41577832711395,7.59702411799803,5.8315566542279,TRUE,0.48,0.2,1,"synthetic_valid"
"460",6,13.6631133084558,0,2.73262266169116,5.84799690655495,1.70878030110006,TRUE,0.3,0.0666666666666667,1,"synthetic_valid"
"461",4,13.6631133084558,2.32192809488736,3.78039507118948,6.26223387217362,3.90256615666412,TRUE,0.45,0.05,1,"synthetic_valid"
"462",3,13.6631133084558,5.52356195605701,4.0697756761994,6.76829554514786,4.0697756761994,TRUE,0.333333333333333,0.4,1,"synthetic_valid"
"463",6,13.6631133084558,0,2.73262266169116,3.74024072619907,2.24659415350675,TRUE,0.266666666666667,0.166666666666667,1,"synthetic_valid"
"464",5,13.6631133084558,2,2.91577832711395,6.15808986500534,1.70878030110006,TRUE,0.44,0,1,"synthetic_valid"
"465",5,13.6631133084558,0,3.41577832711395,6.37582929999019,4.10184084490925,TRUE,0.44,0.08,1,"synthetic_valid"
"466",5,13.6631133084558,0,3.41577832711395,10.8352609186275,6.3315566542279,TRUE,0.4,0.12,1,"synthetic_valid"
"467",5,13.6631133084558,1,3.16577832711395,4.87333803589749,4.40256615666412,TRUE,0.48,0.16,1,"synthetic_valid"
"468",4,13.6631133084558,0,4.5543711028186,6.44294349584873,3.61008490630354,TRUE,0.45,0.15,1,"synthetic_valid"
"469",4,13.6631133084558,0,4.5543711028186,7.12395449734777,4.40256615666412,TRUE,0.5,0,1,"synthetic_valid"
"470",6,13.6631133084558,0,2.73262266169116,4.19004171776368,3.57765933412855,TRUE,0.466666666666667,0.2,1,"synthetic_valid"
"471",5,13.6631133084558,0,3.41577832711395,6.02790599656988,3.9278791931991,TRUE,0.52,0.04,1,"synthetic_valid"
"472",6,13.6631133084558,2.32192809488736,2.26823704271369,3.93179427743074,3.53907540386732,TRUE,0.333333333333333,0.133333333333333,1,"synthetic_valid"
"473",6,13.6631133084558,0,2.73262266169116,5.97727992349992,3.05043544211737,TRUE,0.266666666666667,0.0666666666666667,1,"synthetic_valid"
"474",6,13.6631133084558,0,2.73262266169116,5.12531411474202,3.98133679515736,TRUE,0.4,0.0666666666666667,1,"synthetic_valid"
"475",6,13.6631133084558,0,2.73262266169116,7.78047025909396,4.60184084490925,TRUE,0.533333333333333,0.0666666666666667,1,"synthetic_valid"
"476",4,13.6631133084558,0,4.5543711028186,7.70735913208088,2.97787708818746,TRUE,0.45,0.15,1,"synthetic_valid"
"477",6,13.6631133084558,0,2.73262266169116,5.29135639586881,1.70878030110006,TRUE,0.1,0.166666666666667,1,"synthetic_valid"
"478",6,13.6631133084558,0,2.73262266169116,5.29032609750153,2.23294830767288,TRUE,0.4,0.133333333333333,1,"synthetic_valid"
"479",6,13.6631133084558,2.8073549220576,2.17115167727964,3.81681525130667,3.70759289750611,TRUE,0.666666666666667,0,1,"synthetic_valid"
"480",6,13.6631133084558,1.58496250072116,2.41563016154693,5.12101540096137,3.11008490630354,TRUE,0.633333333333333,0,1,"synthetic_valid"
"481",6,13.6631133084558,1.58496250072116,2.41563016154693,7.59702411799803,4.67059260678422,TRUE,0.566666666666667,0.133333333333333,1,"synthetic_valid"
"482",3,13.6631133084558,0,6.8315566542279,7.55458885167764,6.8315566542279,TRUE,0.533333333333333,0.133333333333333,1,"synthetic_valid"
"483",6,13.6631133084558,0,2.73262266169116,4.61037351671204,3.78782523360273,TRUE,0.566666666666667,0.0666666666666667,1,"synthetic_valid"
"484",5,13.6631133084558,0,3.41577832711395,7.83526091862749,4.8315566542279,TRUE,0.52,0.04,1,"synthetic_valid"
"485",6,13.6631133084558,2,2.33262266169116,4.4690176674665,3.71714730897996,TRUE,0.5,0.1,1,"synthetic_valid"
"486",4,13.6631133084558,2.32192809488736,3.78039507118948,7.92362461136832,1.70878030110006,TRUE,0.35,0,1,"synthetic_valid"
"487",4,13.6631133084558,0,4.5543711028186,5.56139402958275,4.74659415350675,TRUE,0.5,0.05,1,"synthetic_valid"
"488",4,13.6631133084558,0,4.5543711028186,7.49984588708321,3.0816337106863,TRUE,0.3,0.25,1,"synthetic_valid"
"489",6,13.6631133084558,0,2.73262266169116,4.7799784831263,3.30391543647731,TRUE,0.5,0.0666666666666667,1,"synthetic_valid"
"490",6,13.6631133084558,1,2.53262266169116,4.72647536945323,3.18885554479678,TRUE,0.433333333333333,0.1,1,"synthetic_valid"
"491",6,13.6631133084558,0,2.73262266169116,3.98977086768311,2.90881162875572,TRUE,0.2,0.333333333333333,1,"synthetic_valid"
"492",5,13.6631133084558,0,3.41577832711395,6.08746284125034,1.70878030110006,TRUE,0.36,0.04,1,"synthetic_valid"
"493",4,13.6631133084558,0,4.5543711028186,7.78047025909396,5.4278791931991,TRUE,0.55,0.15,1,"synthetic_valid"
"494",6,13.6631133084558,2,2.33262266169116,3.02236781302845,2.97787708818746,TRUE,0.333333333333333,0.166666666666667,1,"synthetic_valid"
"495",6,13.6631133084558,0,2.73262266169116,7.90822580629234,5.3315566542279,TRUE,0.7,0.0666666666666667,1,"synthetic_valid"
"496",3,13.6631133084558,2.8073549220576,5.4278791931991,7.90822580629234,5.4278791931991,TRUE,0.6,0.2,1,"synthetic_valid"
"497",3,13.6631133084558,4.08746284125034,4.78782523360273,5.97727992349992,4.78782523360273,TRUE,0.533333333333333,0.0666666666666667,1,"synthetic_valid"
"498",6,13.6631133084558,2,2.33262266169116,3.81289310559903,2.82037274771368,TRUE,0.333333333333333,0.0666666666666667,1,"synthetic_valid"
"499",5,13.6631133084558,2.8073549220576,2.71393959659955,4.78047025909397,4.60184084490925,TRUE,0.48,0.16,1,"synthetic_valid"
"500",5,13.6631133084558,2,2.91577832711395,4.93519285389261,4.40256615666412,TRUE,0.6,0.08,1,"synthetic_valid"
"501",6,13.6631133084558,2,2.33262266169116,4.4690176674665,3.71714730897996,TRUE,0.5,0.1,1,"synthetic_valid"
"502",3,13.6631133084558,2,5.8315566542279,7.59702411799803,5.8315566542279,TRUE,0.466666666666667,0.2,1,"synthetic_valid"
"503",6,13.6631133084558,1.58496250072116,2.41563016154693,4.33628338786443,2.50245091285201,TRUE,0.5,0,1,"synthetic_valid"
"504",6,13.6631133084558,0,2.73262266169116,4.93519285389261,3.77729442583882,TRUE,0.466666666666667,0.1,1,"synthetic_valid"
"505",5,13.6631133084558,1.58496250072116,3.01953770193366,4.14177396112816,2.98481317547824,TRUE,0.44,0,1,"synthetic_valid"
"506",6,13.6631133084558,2.32192809488736,2.26823704271369,3.87528859822269,2.23294830767288,TRUE,0.333333333333333,0.0666666666666667,1,"synthetic_valid"
"507",5,13.6631133084558,1,3.16577832711395,4.17704943587569,3.00245091285201,TRUE,0.24,0.28,1,"synthetic_valid"
"508",5,13.6631133084558,2,2.91577832711395,3.93179427743074,3.44087679746557,TRUE,0.28,0.2,1,"synthetic_valid"
"509",6,13.6631133084558,0,2.73262266169116,6.10852445677817,2.98481317547824,TRUE,0.3,0.166666666666667,1,"synthetic_valid"
"510",5,13.6631133084558,1.58496250072116,3.01953770193366,3.73696559416621,2.54095636326542,TRUE,0.32,0.12,1,"synthetic_valid"
"511",5,13.6631133084558,0,3.41577832711395,8.59469782732387,5.67059260678422,TRUE,0.48,0.12,1,"synthetic_valid"
"512",5,13.6631133084558,0,3.41577832711395,8.19721669311005,2.23294830767288,TRUE,0.4,0.08,1,"synthetic_valid"
"513",3,13.6631133084558,1,6.3315566542279,10.8352609186275,6.3315566542279,TRUE,0.466666666666667,0.0666666666666667,1,"synthetic_valid"
"514",4,13.6631133084558,0,4.5543711028186,4.85798099512757,4.40256615666412,TRUE,0.35,0.3,1,"synthetic_valid"
"515",5,13.6631133084558,1,3.16577832711395,7.61470984411521,2.23172048180972,TRUE,0.4,0.12,1,"synthetic_valid"
"516",6,13.6631133084558,1,2.53262266169116,4.48838299233343,3.72682997141343,TRUE,0.4,0.0666666666666667,1,"synthetic_valid"
"517",6,13.6631133084558,1,2.53262266169116,4.51763225169248,1.70878030110006,TRUE,0.466666666666667,0,1,"synthetic_valid"
"518",4,13.6631133084558,0,4.5543711028186,6.44990884451879,4.70759289750611,TRUE,0.4,0.15,1,"synthetic_valid"
"519",5,13.6631133084558,0,3.41577832711395,4.8073549220576,2.23172048180972,TRUE,0.32,0.24,1,"synthetic_valid"
"520",6,13.6631133084558,1.58496250072116,2.41563016154693,4.93519285389261,4.63539794283852,TRUE,0.5,0.166666666666667,1,"synthetic_valid"
"521",4,13.6631133084558,0,4.5543711028186,5,4.3315566542279,TRUE,0.5,0.1,1,"synthetic_valid"
"522",4,13.6631133084558,0,4.5543711028186,6.52356195605701,6.03907540386732,TRUE,0.45,0.3,1,"synthetic_valid"
"523",6,13.6631133084558,2.58496250072116,2.21563016154693,5.27188741238777,4.60184084490925,TRUE,0.433333333333333,0.1,1,"synthetic_valid"
"524",5,13.6631133084558,0,3.41577832711395,8.66533591718518,5.24659415350675,TRUE,0.48,0.04,1,"synthetic_valid"
"525",5,13.6631133084558,1,3.16577832711395,7.16992500144231,1.70878030110006,TRUE,0.24,0.08,1,"synthetic_valid"
"526",4,13.6631133084558,0,4.5543711028186,6.16992500144231,3.74659415350675,TRUE,0.5,0.05,1,"synthetic_valid"
"527",6,13.6631133084558,1.58496250072116,2.41563016154693,3.59837054370555,3.18424627978209,TRUE,0.6,0.0333333333333333,1,"synthetic_valid"
"528",6,13.6631133084558,0,2.73262266169116,5.29135639586881,1.70878030110006,TRUE,0.333333333333333,0.166666666666667,1,"synthetic_valid"
"529",6,13.6631133084558,1,2.53262266169116,3.93179427743074,3.53907540386732,TRUE,0.333333333333333,0.166666666666667,1,"synthetic_valid"
"530",5,13.6631133084558,2,2.91577832711395,3.6924909650256,3.0816337106863,TRUE,0.28,0.2,1,"synthetic_valid"
"531",5,13.6631133084558,0,3.41577832711395,4.93519285389261,4.63539794283852,TRUE,0.44,0.24,1,"synthetic_valid"
"532",5,13.6631133084558,0,3.41577832711395,5.49923262669527,2.23172048180972,TRUE,0.32,0.24,1,"synthetic_valid"
"533",4,13.6631133084558,0,4.5543711028186,5.4093909361377,4.67059260678422,TRUE,0.45,0.15,1,"synthetic_valid"
"534",6,13.6631133084558,1,2.53262266169116,4.16127612355351,3.89023512954698,TRUE,0.5,0.166666666666667,1,"synthetic_valid"
"535",6,13.6631133084558,0,2.73262266169116,4.96578428466209,2.23294830767288,TRUE,0.3,0.1,1,"synthetic_valid"
"536",6,13.6631133084558,1,2.53262266169116,6.02729169166774,2.23294830767288,TRUE,0.366666666666667,0.133333333333333,1,"synthetic_valid"
"537",5,13.6631133084558,1,3.16577832711395,4.61037351671204,3.78782523360273,TRUE,0.52,0.08,1,"synthetic_valid"
"538",6,13.6631133084558,0,2.73262266169116,5.29032609750153,2.23294830767288,TRUE,0.233333333333333,0.166666666666667,1,"synthetic_valid"
"539",4,13.6631133084558,0,4.5543711028186,6.32192809488736,3.67059260678422,TRUE,0.3,0.25,1,"synthetic_valid"
"540",6,13.6631133084558,1.58496250072116,2.41563016154693,3.4594316186373,2.97787708818746,TRUE,0.366666666666667,0.2,1,"synthetic_valid"
"541",4,13.6631133084558,2,3.88770443615194,4.93519285389261,4.5697756761994,TRUE,0.4,0.3,1,"synthetic_valid"
"542",6,13.6631133084558,0,2.73262266169116,3.8073549220576,1.88263392622515,TRUE,0.5,0,1,"synthetic_valid"
"543",3,13.6631133084558,0,6.8315566542279,9.75622271284729,6.8315566542279,TRUE,0.466666666666667,0.2,1,"synthetic_valid"
"544",5,13.6631133084558,0,3.41577832711395,5.54511298811459,1.70878030110006,TRUE,0.28,0.04,1,"synthetic_valid"
"545",3,13.6631133084558,5.52356195605701,4.0697756761994,4.21809846258738,4.0697756761994,TRUE,0.466666666666667,0.133333333333333,1,"synthetic_valid"
"546",6,13.6631133084558,0,2.73262266169116,4.4594316186373,1.70878030110006,TRUE,0.3,0.0333333333333333,1,"synthetic_valid"
"547",4,13.6631133084558,0,4.5543711028186,6.78135971352466,3.44087679746557,TRUE,0.4,0.1,1,"synthetic_valid"
"548",5,13.6631133084558,0,3.41577832711395,10.2455527062557,1.70878030110006,TRUE,0.24,0.08,1,"synthetic_valid"
"549",6,13.6631133084558,4.75488750216347,1.78164516125847,2.63804422551744,2.23294830767288,TRUE,0.3,0.0666666666666667,1,"synthetic_valid"
"550",6,13.6631133084558,1,2.53262266169116,4.52791135652006,3.74659415350675,TRUE,0.366666666666667,0.133333333333333,1,"synthetic_valid"
"551",6,13.6631133084558,0,2.73262266169116,5.88175359493115,3.9278791931991,TRUE,0.533333333333333,0.1,1,"synthetic_valid"
"552",5,13.6631133084558,0,3.41577832711395,5.54511298811459,1.70878030110006,TRUE,0.32,0.04,1,"synthetic_valid"
"553",6,13.6631133084558,2.58496250072116,2.21563016154693,3.64385618977472,2.23294830767288,TRUE,0.333333333333333,0.0666666666666667,1,"synthetic_valid"
"554",6,13.6631133084558,3.16992500144231,2.0986376614027,4.57346686188333,2.34866451189686,TRUE,0.4,0.0333333333333333,1,"synthetic_valid"
"555",6,13.6631133084558,1,2.53262266169116,5.56139402958275,4.74659415350675,TRUE,0.533333333333333,0.1,1,"synthetic_valid"
"556",5,13.6631133084558,0,3.41577832711395,8.10852445677817,4.9278791931991,TRUE,0.68,0,1,"synthetic_valid"
"557",5,13.6631133084558,0,3.41577832711395,4.44555944405574,2.48481317547824,TRUE,0.24,0.08,1,"synthetic_valid"
"558",6,13.6631133084558,0,2.73262266169116,4.15527822547791,2.23172048180972,TRUE,0.333333333333333,0.2,1,"synthetic_valid"
"559",6,13.6631133084558,0,2.73262266169116,4.09953567355091,2.87811135642364,TRUE,0.3,0.1,1,"synthetic_valid"
"560",6,13.6631133084558,0,2.73262266169116,4.60531114611296,4.10184084490925,TRUE,0.466666666666667,0.0333333333333333,1,"synthetic_valid"
"561",6,13.6631133084558,2,2.33262266169116,4.54511298811459,1.70878030110006,TRUE,0.3,0.0666666666666667,1,"synthetic_valid"
"562",6,13.6631133084558,0,2.73262266169116,4.16992500144231,1.70878030110006,TRUE,0.3,0.0666666666666667,1,"synthetic_valid"
"563",6,13.6631133084558,2.58496250072116,2.21563016154693,4.49923262669527,2.23172048180972,TRUE,0.333333333333333,0.133333333333333,1,"synthetic_valid"
"564",3,13.6631133084558,0,6.8315566542279,10.6978363579624,6.8315566542279,TRUE,0.4,0.266666666666667,1,"synthetic_valid"
"565",5,13.6631133084558,1.58496250072116,3.01953770193366,5.38082178394093,2.50245091285201,TRUE,0.36,0.04,1,"synthetic_valid"
"566",5,13.6631133084558,0,3.41577832711395,5.70043971814109,1.70878030110006,TRUE,0.32,0.08,1,"synthetic_valid"
"567",5,13.6631133084558,0,3.41577832711395,6.02790599656988,3.9278791931991,TRUE,0.52,0.04,1,"synthetic_valid"
"568",6,13.6631133084558,2.58496250072116,2.21563016154693,4.49923262669527,2.23172048180972,TRUE,0.366666666666667,0.133333333333333,1,"synthetic_valid"
"569",4,13.6631133084558,0,4.5543711028186,5.56933184900739,4.40256615666412,TRUE,0.5,0.05,1,"synthetic_valid"
"570",6,13.6631133084558,0,2.73262266169116,4.74779807737715,3.28782523360273,TRUE,0.4,0.1,1,"synthetic_valid"
"571",6,13.6631133084558,0,2.73262266169116,7.12395449734777,6.03907540386732,TRUE,0.366666666666667,0.133333333333333,1,"synthetic_valid"
"572",4,13.6631133084558,3.4594316186373,3.4012272299395,3.93179427743074,3.61008490630354,TRUE,0.45,0.1,1,"synthetic_valid"
"573",6,13.6631133084558,2,2.33262266169116,4.19004171776368,3.57765933412855,TRUE,0.3,0.266666666666667,1,"synthetic_valid"
"574",5,13.6631133084558,0,3.41577832711395,7.23840473932508,5.10184084490925,TRUE,0.48,0.04,1,"synthetic_valid"
"575",6,13.6631133084558,0,2.73262266169116,6.17427440190536,4.5697756761994,TRUE,0.433333333333333,0.0666666666666667,1,"synthetic_valid"
"576",6,13.6631133084558,1.58496250072116,2.41563016154693,4.93519285389261,3.77729442583882,TRUE,0.533333333333333,0.1,1,"synthetic_valid"
"577",5,13.6631133084558,1,3.16577832711395,8.24555270625568,1.70878030110006,TRUE,0.4,0.08,1,"synthetic_valid"
"578",5,13.6631133084558,0,3.41577832711395,4.74779807737715,3.28782523360273,TRUE,0.48,0,1,"synthetic_valid"
"579",6,13.6631133084558,0,2.73262266169116,6.38986177105245,2.23294830767288,TRUE,0.166666666666667,0.1,1,"synthetic_valid"
"580",6,13.6631133084558,0,2.73262266169116,5.8398553628348,4.40256615666412,TRUE,0.4,0.133333333333333,1,"synthetic_valid"
"581",5,13.6631133084558,0,3.41577832711395,8.19967234483636,2.23172048180972,TRUE,0.44,0.12,1,"synthetic_valid"
"582",5,13.6631133084558,1.58496250072116,3.01953770193366,4.74296433478765,2.87511198611292,TRUE,0.36,0.08,1,"synthetic_valid"
"583",5,13.6631133084558,1,3.16577832711395,6.88106460824061,4.35445849903447,TRUE,0.44,0.04,1,"synthetic_valid"
"584",6,13.6631133084558,1.58496250072116,2.41563016154693,3.96962635095648,1.70878030110006,TRUE,0.2,0.0666666666666667,1,"synthetic_valid"
"585",4,13.6631133084558,1.58496250072116,4.02605026924488,7.61470984411521,2.23172048180972,TRUE,0.35,0.15,1,"synthetic_valid"
"586",5,13.6631133084558,0,3.41577832711395,7.12395449734777,5.4278791931991,TRUE,0.6,0.04,1,"synthetic_valid"
"587",6,13.6631133084558,1.58496250072116,2.41563016154693,4.81928795155358,1.70878030110006,TRUE,0.433333333333333,0,1,"synthetic_valid"
"588",5,13.6631133084558,1,3.16577832711395,4.98977086768311,3.40881162875572,TRUE,0.32,0.2,1,"synthetic_valid"
"589",5,13.6631133084558,1,3.16577832711395,5.7279204545632,5.3315566542279,TRUE,0.52,0.12,1,"synthetic_valid"
"590",5,13.6631133084558,2.32192809488736,2.83529630339211,4.93519285389261,4.40256615666412,TRUE,0.56,0.08,1,"synthetic_valid"
"591",6,13.6631133084558,0,2.73262266169116,7.55458885167764,4.50962855934054,TRUE,0.533333333333333,0,1,"synthetic_valid"
"592",4,13.6631133084558,0,4.5543711028186,7.70735913208088,2.97787708818746,TRUE,0.3,0.3,1,"synthetic_valid"
"593",6,13.6631133084558,0,2.73262266169116,4.93519285389261,3.77729442583882,TRUE,0.533333333333333,0.0666666666666667,1,"synthetic_valid"
"594",3,13.6631133084558,3.4594316186373,5.10184084490925,6.27188741238777,5.10184084490925,TRUE,0.466666666666667,0.133333333333333,1,"synthetic_valid"
"595",5,13.6631133084558,0,3.41577832711395,4.39231742277876,3.0816337106863,TRUE,0.44,0.04,1,"synthetic_valid"
"596",5,13.6631133084558,1,3.16577832711395,4.61470984411521,2.85737303843556,TRUE,0.4,0.04,1,"synthetic_valid"
"597",6,13.6631133084558,3.16992500144231,2.0986376614027,6.34340782229781,4.08563010606307,TRUE,0.533333333333333,0.0333333333333333,1,"synthetic_valid"
"598",5,13.6631133084558,5.39231742277876,2.06769897141926,3.78541236917693,2.80663237950262,TRUE,0.4,0,1,"synthetic_valid"
"599",6,13.6631133084558,0,2.73262266169116,5.81136426703975,4.74659415350675,TRUE,0.433333333333333,0.133333333333333,1,"synthetic_valid"
"600",5,13.6631133084558,1.58496250072116,3.01953770193366,5.10975385185971,2.23294830767288,TRUE,0.44,0.08,1,"synthetic_valid"
"601",6,13.6631133084558,0,2.73262266169116,5.84799690655495,1.70878030110006,TRUE,0.3,0.0666666666666667,1,"synthetic_valid"
"602",6,13.6631133084558,2,2.33262266169116,5.08312651384717,4.0242017321703,TRUE,0.433333333333333,0.0666666666666667,1,"synthetic_valid"
"603",6,13.6631133084558,1.58496250072116,2.41563016154693,2.96527695049343,2.23172048180972,TRUE,0.233333333333333,0.233333333333333,1,"synthetic_valid"
"604",6,13.6631133084558,0,2.73262266169116,5,3.46082316102733,TRUE,0.4,0.0666666666666667,1,"synthetic_valid"
"605",5,13.6631133084558,0,3.41577832711395,8.51333282374013,5.17059260678422,TRUE,0.56,0.04,1,"synthetic_valid"
"606",6,13.6631133084558,0,2.73262266169116,7.03617361255349,2.31346984795116,TRUE,0.3,0.133333333333333,1,"synthetic_valid"
"607",5,13.6631133084558,0,3.41577832711395,8.02236781302845,2.82037274771368,TRUE,0.28,0.08,1,"synthetic_valid"
"608",6,13.6631133084558,0,2.73262266169116,6.61470984411521,2.23172048180972,TRUE,0.466666666666667,0.0666666666666667,1,"synthetic_valid"
"609",6,13.6631133084558,0,2.73262266169116,6.6122541923889,2.23294830767288,TRUE,0.5,0.0666666666666667,1,"synthetic_valid"
"610",6,13.6631133084558,1,2.53262266169116,4.93519285389261,3.95411290314617,TRUE,0.5,0.1,1,"synthetic_valid"
"611",5,13.6631133084558,2,2.91577832711395,5.88853332601089,4.40256615666412,TRUE,0.6,0.08,1,"synthetic_valid"
"612",4,13.6631133084558,0,4.5543711028186,5.4594316186373,4.10184084490925,TRUE,0.4,0.2,1,"synthetic_valid"
"613",6,13.6631133084558,4.70043971814109,1.79253471806294,3.81681525130667,3.70759289750611,TRUE,0.566666666666667,0,1,"synthetic_valid"
"614",6,13.6631133084558,1,2.53262266169116,5.54511298811459,1.70878030110006,TRUE,0.333333333333333,0.0333333333333333,1,"synthetic_valid"
"615",5,13.6631133084558,0,3.41577832711395,5.64385618977472,2.23172048180972,TRUE,0.44,0.08,1,"synthetic_valid"
"616",6,13.6631133084558,4.75488750216347,1.78164516125847,3.81681525130667,3.70759289750611,TRUE,0.533333333333333,0,1,"synthetic_valid"
"617",5,13.6631133084558,1.58496250072116,3.01953770193366,4.39231742277876,2.23172048180972,TRUE,0.36,0.16,1,"synthetic_valid"
"618",4,13.6631133084558,2.8073549220576,3.6185861287994,5.08312651384717,4.0242017321703,TRUE,0.45,0.1,1,"synthetic_valid"
"619",5,13.6631133084558,0,3.41577832711395,4.71631984590398,3.27208611786615,TRUE,0.4,0.08,1,"synthetic_valid"
"620",6,13.6631133084558,0,2.73262266169116,5.08312651384717,4.0242017321703,TRUE,0.233333333333333,0.2,1,"synthetic_valid"
"621",6,13.6631133084558,1.58496250072116,2.41563016154693,4.93519285389261,3.0168783441881,TRUE,0.433333333333333,0.1,1,"synthetic_valid"
"622",4,13.6631133084558,3,3.5543711028186,6.02790599656988,3.9278791931991,TRUE,0.5,0,1,"synthetic_valid"
"623",6,13.6631133084558,0,2.73262266169116,7.15531866825711,5.03907540386732,TRUE,0.666666666666667,0,1,"synthetic_valid"
"624",3,13.6631133084558,1,6.3315566542279,10.8352609186275,6.3315566542279,TRUE,0.466666666666667,0.0666666666666667,1,"synthetic_valid"
"625",6,13.6631133084558,4.52356195605701,1.82791027047976,3.59837054370555,3.11008490630354,TRUE,0.466666666666667,0.0333333333333333,1,"synthetic_valid"
"626",5,13.6631133084558,2.8073549220576,2.71393959659955,6.89048143590477,4.9278791931991,TRUE,0.56,0.04,1,"synthetic_valid"
"627",6,13.6631133084558,2.32192809488736,2.26823704271369,3.36678233067162,2.23172048180972,TRUE,0.466666666666667,0.1,1,"synthetic_valid"
"628",3,13.6631133084558,0,6.8315566542279,11.3411852135684,6.8315566542279,TRUE,0.466666666666667,0.2,1,"synthetic_valid"
"629",6,13.6631133084558,2.8073549220576,2.17115167727964,3.59837054370555,2.50245091285201,TRUE,0.3,0.0333333333333333,1,"synthetic_valid"
"630",6,13.6631133084558,1,2.53262266169116,5.27188741238777,4.60184084490925,TRUE,0.6,0.0333333333333333,1,"synthetic_valid"
"631",5,13.6631133084558,0,3.41577832711395,6.69348695749933,2.98481317547824,TRUE,0.44,0.08,1,"synthetic_valid"
"632",4,13.6631133084558,1.58496250072116,4.02605026924488,5.41503749927884,3.3315566542279,TRUE,0.45,0.15,1,"synthetic_valid"
"633",4,13.6631133084558,0,4.5543711028186,5.3390016082463,4.63539794283852,TRUE,0.35,0.3,1,"synthetic_valid"
"634",6,13.6631133084558,0,2.73262266169116,4.93519285389261,3.95411290314617,TRUE,0.433333333333333,0.166666666666667,1,"synthetic_valid"
"635",5,13.6631133084558,0,3.41577832711395,7.23840473932508,5.10184084490925,TRUE,0.52,0.04,1,"synthetic_valid"
"636",3,13.6631133084558,2.32192809488736,5.67059260678422,7.37771108959356,5.67059260678422,TRUE,0.6,0.0666666666666667,1,"synthetic_valid"
"637",6,13.6631133084558,1.58496250072116,2.41563016154693,3.81289310559903,2.82037274771368,TRUE,0.366666666666667,0.1,1,"synthetic_valid"
"638",6,13.6631133084558,0,2.73262266169116,4.39231742277876,1.70878030110006,TRUE,0.166666666666667,0.1,1,"synthetic_valid"
"639",6,13.6631133084558,2,2.33262266169116,5.19140472885276,3.50962855934054,TRUE,0.5,0.0333333333333333,1,"synthetic_valid"
"640",4,13.6631133084558,0,4.5543711028186,7.06608919045777,3.29851205899902,TRUE,0.45,0.05,1,"synthetic_valid"
"641",6,13.6631133084558,1.58496250072116,2.41563016154693,5.88175359493115,4.28782523360273,TRUE,0.433333333333333,0.166666666666667,1,"synthetic_valid"
"642",5,13.6631133084558,1,3.16577832711395,5.3390016082463,4.63539794283852,TRUE,0.44,0.2,1,"synthetic_valid"
"643",6,13.6631133084558,2,2.33262266169116,4.877744249949,2.23172048180972,TRUE,0.433333333333333,0.0666666666666667,1,"synthetic_valid"
"644",6,13.6631133084558,1.58496250072116,2.41563016154693,4.7799784831263,3.30391543647731,TRUE,0.333333333333333,0.133333333333333,1,"synthetic_valid"
"645",5,13.6631133084558,0,3.41577832711395,5.82442843541655,4.87811135642364,TRUE,0.56,0.08,1,"synthetic_valid"
"646",5,13.6631133084558,0,3.41577832711395,5.3390016082463,4.63539794283852,TRUE,0.48,0.16,1,"synthetic_valid"
"647",4,13.6631133084558,1,4.22103776948527,6.34340782229781,4.08563010606307,TRUE,0.35,0.05,1,"synthetic_valid"
"648",3,13.6631133084558,2,5.8315566542279,7.55458885167764,5.8315566542279,TRUE,0.6,0.133333333333333,1,"synthetic_valid"
"649",6,13.6631133084558,0,2.73262266169116,3.90689059560852,2.5977538791864,TRUE,0.2,0.3,1,"synthetic_valid"
"650",4,13.6631133084558,0,4.5543711028186,7.44294349584873,3.11008490630354,TRUE,0.55,0.05,1,"synthetic_valid"
"651",6,13.6631133084558,1.58496250072116,2.41563016154693,3.16992500144231,1.70878030110006,TRUE,0.366666666666667,0,1,"synthetic_valid"
"652",4,13.6631133084558,2.32192809488736,3.78039507118948,6.87528859822269,2.23294830767288,TRUE,0.3,0.15,1,"synthetic_valid"
"653",4,13.6631133084558,1,4.22103776948527,6.55458885167764,5.4278791931991,TRUE,0.6,0.05,1,"synthetic_valid"
"654",6,13.6631133084558,0,2.73262266169116,4.17704943587569,3.00245091285201,TRUE,0.433333333333333,0.133333333333333,1,"synthetic_valid"
"655",5,13.6631133084558,0,3.41577832711395,8.19967234483636,2.23172048180972,TRUE,0.44,0.12,1,"synthetic_valid"
"656",6,13.6631133084558,0,2.73262266169116,3.56071495447448,1.70878030110006,TRUE,0.3,0.133333333333333,1,"synthetic_valid"
"657",6,13.6631133084558,0,2.73262266169116,7.78047025909396,5.4278791931991,TRUE,0.5,0.166666666666667,1,"synthetic_valid"
"658",6,13.6631133084558,5.12928301694497,1.70676605830217,2.63804422551744,2.23294830767288,TRUE,0.3,0.0666666666666667,1,"synthetic_valid"
"659",4,13.6631133084558,3.70043971814109,3.32089119677157,4.22224414084494,3.84291669247794,TRUE,0.45,0.1,1,"synthetic_valid"
"660",6,13.6631133084558,2,2.33262266169116,5.9205655325056,5.4278791931991,TRUE,0.666666666666667,0.0666666666666667,1,"synthetic_valid"
"661",5,13.6631133084558,0,3.41577832711395,6.33866211064716,1.70878030110006,TRUE,0.4,0.04,1,"synthetic_valid"
"662",6,13.6631133084558,0,2.73262266169116,4.19004171776368,3.57765933412855,TRUE,0.433333333333333,0.2,1,"synthetic_valid"
"663",4,13.6631133084558,0,4.5543711028186,8.60362634498619,2.52974348173481,TRUE,0.55,0,1,"synthetic_valid"
"664",6,13.6631133084558,1.58496250072116,2.41563016154693,3.88264304936184,1.70878030110006,TRUE,0.3,0.133333333333333,1,"synthetic_valid"
"665",6,13.6631133084558,1.58496250072116,2.41563016154693,3.93179427743074,3.44087679746557,TRUE,0.366666666666667,0.1,1,"synthetic_valid"
"666",6,13.6631133084558,0,2.73262266169116,5.47823796554752,5.24659415350675,TRUE,0.466666666666667,0.133333333333333,1,"synthetic_valid"
"667",5,13.6631133084558,1.58496250072116,3.01953770193366,4.50180456282537,3.86618798544646,TRUE,0.4,0.08,1,"synthetic_valid"
"668",6,13.6631133084558,1.58496250072116,2.41563016154693,4.61470984411521,2.23172048180972,TRUE,0.4,0.133333333333333,1,"synthetic_valid"
"669",6,13.6631133084558,1,2.53262266169116,5.17861072930854,3.5697756761994,TRUE,0.366666666666667,0.1,1,"synthetic_valid"
"670",6,13.6631133084558,0,2.73262266169116,3.90689059560852,3.18424627978209,TRUE,0.466666666666667,0.133333333333333,1,"synthetic_valid"
"671",4,13.6631133084558,1,4.22103776948527,8.30556130383772,4.9278791931991,TRUE,0.6,0.1,1,"synthetic_valid"
"672",6,13.6631133084558,0,2.73262266169116,6.3110671022556,2.51505905565642,TRUE,0.466666666666667,0.0333333333333333,1,"synthetic_valid"
"673",4,13.6631133084558,1,4.22103776948527,6.65105169117893,3.00603080863844,TRUE,0.4,0.2,1,"synthetic_valid"
"674",5,13.6631133084558,0,3.41577832711395,4.95419631038687,2.23172048180972,TRUE,0.32,0.2,1,"synthetic_valid"
"675",5,13.6631133084558,0,3.41577832711395,7.02097993890421,5.3315566542279,TRUE,0.64,0.04,1,"synthetic_valid"
"676",6,13.6631133084558,1.58496250072116,2.41563016154693,4.93519285389261,3.90256615666412,TRUE,0.366666666666667,0.133333333333333,1,"synthetic_valid"
"677",6,13.6631133084558,1,2.53262266169116,5.56139402958275,4.74659415350675,TRUE,0.533333333333333,0.0333333333333333,1,"synthetic_valid"
"678",5,13.6631133084558,0,3.41577832711395,5.81136426703975,3.89023512954698,TRUE,0.44,0.16,1,"synthetic_valid"
"679",5,13.6631133084558,1,3.16577832711395,5.06722204881271,4.70759289750611,TRUE,0.52,0.16,1,"synthetic_valid"
"680",6,13.6631133084558,1,2.53262266169116,4.50451950816584,3.84291669247794,TRUE,0.433333333333333,0.0666666666666667,1,"synthetic_valid"
"681",6,13.6631133084558,0,2.73262266169116,5.4093909361377,4.67059260678422,TRUE,0.6,0.0666666666666667,1,"synthetic_valid"
"682",6,13.6631133084558,0,2.73262266169116,3.93179427743074,2.80935959454868,TRUE,0.333333333333333,0.233333333333333,1,"synthetic_valid"
"683",5,13.6631133084558,1,3.16577832711395,5.72199075019867,1.70878030110006,TRUE,0.32,0,1,"synthetic_valid"
"684",4,13.6631133084558,2,3.88770443615194,5.82017896241519,2.92146717302031,TRUE,0.45,0.05,1,"synthetic_valid"
"685",6,13.6631133084558,1.58496250072116,2.41563016154693,5.28807387710888,5.17059260678422,TRUE,0.666666666666667,0,1,"synthetic_valid"
"686",6,13.6631133084558,1.58496250072116,2.41563016154693,6.02790599656988,3.9278791931991,TRUE,0.533333333333333,0,1,"synthetic_valid"
"687",6,13.6631133084558,2.8073549220576,2.17115167727964,4.4690176674665,3.71714730897996,TRUE,0.433333333333333,0.0666666666666667,1,"synthetic_valid"
"688",5,13.6631133084558,0,3.41577832711395,7.55458885167764,4.50962855934054,TRUE,0.6,0,1,"synthetic_valid"
"689",5,13.6631133084558,1,3.16577832711395,4.33682231018706,3.9675964269463,TRUE,0.48,0.12,1,"synthetic_valid"
"690",3,13.6631133084558,1,6.3315566542279,6.64074549542735,6.3315566542279,TRUE,0.666666666666667,0.0666666666666667,1,"synthetic_valid"
"691",6,13.6631133084558,4.52356195605701,1.82791027047976,3.59837054370555,3.11008490630354,TRUE,0.466666666666667,0.0333333333333333,1,"synthetic_valid"
"692",6,13.6631133084558,0,2.73262266169116,7.23840473932508,5.10184084490925,TRUE,0.266666666666667,0.133333333333333,1,"synthetic_valid"
"693",6,13.6631133084558,0,2.73262266169116,4.82841653758543,2.37361696481002,TRUE,0.0666666666666667,0.3,1,"synthetic_valid"
"694",4,13.6631133084558,2.8073549220576,3.6185861287994,6.39231742277876,2.23172048180972,TRUE,0.35,0.1,1,"synthetic_valid"
"695",4,13.6631133084558,0,4.5543711028186,7.12395449734777,4.98133679515736,TRUE,0.4,0.15,1,"synthetic_valid"
"696",4,13.6631133084558,0,4.5543711028186,6.17427440190536,4.5697756761994,TRUE,0.55,0.05,1,"synthetic_valid"
"697",4,13.6631133084558,1,4.22103776948527,4.93519285389261,4.5697756761994,TRUE,0.45,0.2,1,"synthetic_valid"
"698",6,13.6631133084558,2,2.33262266169116,4.4690176674665,3.71714730897996,TRUE,0.466666666666667,0.133333333333333,1,"synthetic_valid"
"699",5,13.6631133084558,2,2.91577832711395,4.31481536869279,1.70878030110006,TRUE,0.2,0.24,1,"synthetic_valid"
"700",6,13.6631133084558,0,2.73262266169116,4.70043971814109,2.82037274771368,TRUE,0.433333333333333,0.0666666666666667,1,"synthetic_valid"
"701",4,13.6631133084558,1,4.22103776948527,8.51333282374013,5.17059260678422,TRUE,0.5,0.05,1,"synthetic_valid"
"702",5,13.6631133084558,0,3.41577832711395,5.40599235967584,5.17059260678422,TRUE,0.56,0.12,1,"synthetic_valid"
"703",5,13.6631133084558,0,3.41577832711395,6.4093909361377,5.17059260678422,TRUE,0.44,0.24,1,"synthetic_valid"
"704",3,13.6631133084558,1,6.3315566542279,8.39660478118186,6.3315566542279,TRUE,0.6,0.0666666666666667,1,"synthetic_valid"
"705",6,13.6631133084558,0,2.73262266169116,6.58161905764679,5.24659415350675,TRUE,0.433333333333333,0.0666666666666667,1,"synthetic_valid"
"706",5,13.6631133084558,0,3.41577832711395,7.44294349584873,4.63539794283852,TRUE,0.48,0,1,"synthetic_valid"
"707",6,13.6631133084558,0,2.73262266169116,4.67546854493392,3.82037274771368,TRUE,0.5,0.133333333333333,1,"synthetic_valid"
"708",5,13.6631133084558,0,3.41577832711395,4.4262647547021,2.95746022943317,TRUE,0.32,0.2,1,"synthetic_valid"
"709",4,13.6631133084558,1.58496250072116,4.02605026924488,6.69783635796238,4.8315566542279,TRUE,0.5,0.15,1,"synthetic_valid"
"710",5,13.6631133084558,0,3.41577832711395,6.08746284125034,1.70878030110006,TRUE,0.28,0.12,1,"synthetic_valid"
"711",5,13.6631133084558,0,3.41577832711395,6.69348695749933,2.98481317547824,TRUE,0.44,0.08,1,"synthetic_valid"
"712",5,13.6631133084558,0,3.41577832711395,5.27188741238777,4.60184084490925,TRUE,0.48,0.12,1,"synthetic_valid"
"713",5,13.6631133084558,3.32192809488736,2.58529630339211,3.64385618977472,2.23294830767288,TRUE,0.28,0.08,1,"synthetic_valid"
"714",5,13.6631133084558,1,3.16577832711395,6.02790599656988,3.9278791931991,TRUE,0.32,0.2,1,"synthetic_valid"
"715",4,13.6631133084558,0,4.5543711028186,6.55458885167764,5.10184084490925,TRUE,0.45,0.1,1,"synthetic_valid"
"716",6,13.6631133084558,1,2.53262266169116,5.57565046720547,4.8315566542279,TRUE,0.6,0.0333333333333333,1,"synthetic_valid"
"717",6,13.6631133084558,2.32192809488736,2.26823704271369,4.14177396112816,2.98481317547824,TRUE,0.333333333333333,0.0333333333333333,1,"synthetic_valid"
"718",6,13.6631133084558,0,2.73262266169116,5,3.00245091285201,TRUE,0.4,0.133333333333333,1,"synthetic_valid"
"719",5,13.6631133084558,2.32192809488736,2.83529630339211,4.64385618977473,2.50245091285201,TRUE,0.4,0,1,"synthetic_valid"
"720",6,13.6631133084558,0,2.73262266169116,5.08746284125034,3.11008490630354,TRUE,0.433333333333333,0.0333333333333333,1,"synthetic_valid"
"721",6,13.6631133084558,2,2.33262266169116,4.4690176674665,3.71714730897996,TRUE,0.5,0.1,1,"synthetic_valid"
"722",6,13.6631133084558,1.58496250072116,2.41563016154693,4.93519285389261,4.40256615666412,TRUE,0.6,0.0666666666666667,1,"synthetic_valid"
"723",4,13.6631133084558,0,4.5543711028186,7.55458885167764,4.98133679515736,TRUE,0.7,0,1,"synthetic_valid"
"724",4,13.6631133084558,1,4.22103776948527,6.39231742277876,3.13539794283852,TRUE,0.25,0.2,1,"synthetic_valid"
"725",6,13.6631133084558,1,2.53262266169116,7.4093909361377,5.67059260678422,TRUE,0.7,0.0333333333333333,1,"synthetic_valid"
"726",6,13.6631133084558,2.58496250072116,2.21563016154693,3.36290965689384,1.70878030110006,TRUE,0.3,0.0666666666666667,1,"synthetic_valid"
"727",5,13.6631133084558,1.58496250072116,3.01953770193366,7.73237597089292,5.67059260678422,TRUE,0.64,0.12,1,"synthetic_valid"
"728",6,13.6631133084558,0,2.73262266169116,5.07681559705083,1.70878030110006,TRUE,0.366666666666667,0.0666666666666667,1,"synthetic_valid"
"729",6,13.6631133084558,0,2.73262266169116,3.59837054370555,3.18424627978209,TRUE,0.533333333333333,0,1,"synthetic_valid"
"730",6,13.6631133084558,1.58496250072116,2.41563016154693,3.93179427743074,3.44087679746557,TRUE,0.366666666666667,0.1,1,"synthetic_valid"
"731",6,13.6631133084558,2,2.33262266169116,4.87333803589749,4.40256615666412,TRUE,0.466666666666667,0.133333333333333,1,"synthetic_valid"
"732",5,13.6631133084558,0,3.41577832711395,7.61470984411521,2.23172048180972,TRUE,0.32,0.16,1,"synthetic_valid"
"733",6,13.6631133084558,1.58496250072116,2.41563016154693,4.81928795155358,1.70878030110006,TRUE,0.4,0,1,"synthetic_valid"
"734",6,13.6631133084558,1.58496250072116,2.41563016154693,4.93519285389261,4.78782523360273,TRUE,0.633333333333333,0.0666666666666667,1,"synthetic_valid"
"735",5,13.6631133084558,0,3.41577832711395,3.93179427743074,3.61008490630354,TRUE,0.48,0.12,1,"synthetic_valid"
"736",5,13.6631133084558,0,3.41577832711395,7.74779807737715,4.78782523360273,TRUE,0.44,0.08,1,"synthetic_valid"
"737",5,13.6631133084558,2,2.91577832711395,6.61470984411521,2.23172048180972,TRUE,0.36,0.16,1,"synthetic_valid"
"738",5,13.6631133084558,1,3.16577832711395,4.05311133645956,3.64403693855444,TRUE,0.4,0.16,1,"synthetic_valid"
"739",4,13.6631133084558,1.58496250072116,4.02605026924488,7.60256631919207,4.9278791931991,TRUE,0.5,0,1,"synthetic_valid"
"740",6,13.6631133084558,0,2.73262266169116,5.11220950358602,2.23172048180972,TRUE,0.433333333333333,0.133333333333333,1,"synthetic_valid"
"741",6,13.6631133084558,2,2.33262266169116,5.51333282374013,3.67059260678422,TRUE,0.433333333333333,0.0333333333333333,1,"synthetic_valid"
"742",5,13.6631133084558,1.58496250072116,3.01953770193366,6.467605550083,2.5977538791864,TRUE,0.4,0.12,1,"synthetic_valid"
"743",6,13.6631133084558,2,2.33262266169116,4.87992354800825,1.70878030110006,TRUE,0.266666666666667,0,1,"synthetic_valid"
"744",6,13.6631133084558,0,2.73262266169116,5.08312651384717,4.0242017321703,TRUE,0.333333333333333,0.0666666666666667,1,"synthetic_valid"
"745",6,13.6631133084558,1,2.53262266169116,3.47401605025067,3.12686118615905,TRUE,0.333333333333333,0.0666666666666667,1,"synthetic_valid"
"746",6,13.6631133084558,0,2.73262266169116,4.24737154016572,2.9675964269463,TRUE,0.5,0,1,"synthetic_valid"
"747",5,13.6631133084558,2,2.91577832711395,5.52791135652006,4.24659415350675,TRUE,0.52,0.12,1,"synthetic_valid"
"748",4,13.6631133084558,1.58496250072116,4.02605026924488,5.48320421844087,4.53907540386732,TRUE,0.4,0.25,1,"synthetic_valid"
"749",5,13.6631133084558,0,3.41577832711395,5.97727992349992,4.78782523360273,TRUE,0.56,0.08,1,"synthetic_valid"
"750",6,13.6631133084558,1,2.53262266169116,4.11334147307594,2.92466605861938,TRUE,0.333333333333333,0.166666666666667,1,"synthetic_valid"
"751",4,13.6631133084558,0,4.5543711028186,8.14635653030391,6.03907540386732,TRUE,0.5,0.15,1,"synthetic_valid"
"752",5,13.6631133084558,0,3.41577832711395,5.08746284125034,3.78782523360273,TRUE,0.56,0.08,1,"synthetic_valid"
"753",6,13.6631133084558,1,2.53262266169116,4.93519285389261,4.5697756761994,TRUE,0.5,0.2,1,"synthetic_valid"
"754",5,13.6631133084558,0,3.41577832711395,4.58496250072116,2.97787708818746,TRUE,0.32,0.2,1,"synthetic_valid"
"755",4,13.6631133084558,3.8073549220576,3.28525279546607,5.88175359493115,4.48133679515736,TRUE,0.5,0.15,1,"synthetic_valid"
"756",4,13.6631133084558,0,4.5543711028186,9.41518579501222,6.3315566542279,TRUE,0.65,0.1,1,"synthetic_valid"
"757",4,13.6631133084558,0,4.5543711028186,9.06474276475026,6.3315566542279,TRUE,0.5,0.1,1,"synthetic_valid"
"758",4,13.6631133084558,1,4.22103776948527,7.14635653030391,5.53907540386732,TRUE,0.5,0.15,1,"synthetic_valid"
"759",3,13.6631133084558,4.95419631038687,4.35445849903447,5.81136426703975,4.35445849903447,TRUE,0.4,0.266666666666667,1,"synthetic_valid"
"760",5,13.6631133084558,1,3.16577832711395,4.85323528347692,1.70878030110006,TRUE,0.28,0.12,1,"synthetic_valid"
"761",5,13.6631133084558,0,3.41577832711395,5.32192809488736,3.67059260678422,TRUE,0.44,0.16,1,"synthetic_valid"
"762",6,13.6631133084558,1,2.53262266169116,3.93179427743074,3.53907540386732,TRUE,0.333333333333333,0.166666666666667,1,"synthetic_valid"
"763",5,13.6631133084558,5,2.16577832711395,2.63804422551744,2.23294830767288,TRUE,0.28,0.08,1,"synthetic_valid"
"764",4,13.6631133084558,0,4.5543711028186,7.44294349584873,3.11008490630354,TRUE,0.55,0.05,1,"synthetic_valid"
"765",5,13.6631133084558,1.58496250072116,3.01953770193366,9.01925711868108,5.67059260678422,TRUE,0.68,0.08,1,"synthetic_valid"
"766",4,13.6631133084558,2,3.88770443615194,7.75622271284729,5.4278791931991,TRUE,0.7,0,1,"synthetic_valid"
"767",4,13.6631133084558,0,4.5543711028186,7.73237597089292,6.03907540386732,TRUE,0.65,0.05,1,"synthetic_valid"
"768",6,13.6631133084558,0,2.73262266169116,4.54689445988764,3.05810942428408,TRUE,0,0.266666666666667,1,"synthetic_valid"
"769",4,13.6631133084558,1,4.22103776948527,5.21652541430445,4.30935959454868,TRUE,0.5,0.05,1,"synthetic_valid"
"770",6,13.6631133084558,0,2.73262266169116,4.93519285389261,4.37811135642364,TRUE,0.466666666666667,0.233333333333333,1,"synthetic_valid"
"771",5,13.6631133084558,2,2.91577832711395,4.70043971814109,2.82037274771368,TRUE,0.36,0.04,1,"synthetic_valid"
"772",6,13.6631133084558,0,2.73262266169116,7.44294349584873,4.63539794283852,TRUE,0.466666666666667,0,1,"synthetic_valid"
"773",6,13.6631133084558,4.70043971814109,1.79253471806294,3.59837054370555,3.11008490630354,TRUE,0.533333333333333,0,1,"synthetic_valid"
"774",4,13.6631133084558,1,4.22103776948527,7.44294349584873,4.63539794283852,TRUE,0.45,0.05,1,"synthetic_valid"
"775",5,13.6631133084558,1,3.16577832711395,5.88175359493115,4.0697756761994,TRUE,0.52,0.08,1,"synthetic_valid"
"776",5,13.6631133084558,3.32192809488736,2.58529630339211,3.19799047087917,3.0816337106863,TRUE,0.36,0.16,1,"synthetic_valid"
"777",6,13.6631133084558,1.58496250072116,2.41563016154693,3.91647664443772,3.44087679746557,TRUE,0.366666666666667,0.1,1,"synthetic_valid"
"778",6,13.6631133084558,1,2.53262266169116,5.56139402958275,4.74659415350675,TRUE,0.466666666666667,0.0333333333333333,1,"synthetic_valid"
"779",6,13.6631133084558,2,2.33262266169116,3.59837054370555,2.50245091285201,TRUE,0.433333333333333,0,1,"synthetic_valid"
"780",6,13.6631133084558,0,2.73262266169116,4.14177396112816,2.98481317547824,TRUE,0.333333333333333,0.1,1,"synthetic_valid"
"781",6,13.6631133084558,0,2.73262266169116,4.59685617930241,3.21235428456536,TRUE,0.333333333333333,0.1,1,"synthetic_valid"
"782",6,13.6631133084558,1,2.53262266169116,9.02790599656988,5.4278791931991,TRUE,0.566666666666667,0.0666666666666667,1,"synthetic_valid"
"783",4,13.6631133084558,1,4.22103776948527,6.61037351671204,4.78782523360273,TRUE,0.4,0.1,1,"synthetic_valid"
"784",4,13.6631133084558,0,4.5543711028186,7.06320046626868,4.70759289750611,TRUE,0.6,0.1,1,"synthetic_valid"
"785",6,13.6631133084558,2.58496250072116,2.21563016154693,3.4594316186373,2.97787708818746,TRUE,0.233333333333333,0.266666666666667,1,"synthetic_valid"
"786",5,13.6631133084558,2.58496250072116,2.76953770193366,3.1053793206943,3.03532813559386,TRUE,0.4,0.08,1,"synthetic_valid"
"787",6,13.6631133084558,2.8073549220576,2.17115167727964,5.56139402958275,4.74659415350675,TRUE,0.466666666666667,0.0333333333333333,1,"synthetic_valid"
"788",6,13.6631133084558,0,2.73262266169116,4.7799784831263,3.30391543647731,TRUE,0.2,0.2,1,"synthetic_valid"
"789",4,13.6631133084558,2,3.88770443615194,7.12395449734777,5.10184084490925,TRUE,0.45,0.1,1,"synthetic_valid"
"790",5,13.6631133084558,1.58496250072116,3.01953770193366,5.44294349584873,3.11008490630354,TRUE,0.56,0.08,1,"synthetic_valid"
"791",5,13.6631133084558,1,3.16577832711395,5.50250034052918,3.28782523360273,TRUE,0.52,0.04,1,"synthetic_valid"
"792",5,13.6631133084558,0,3.41577832711395,5.04439411935845,2.23172048180972,TRUE,0.28,0.2,1,"synthetic_valid"
"793",5,13.6631133084558,1,3.16577832711395,5.32192809488736,3.11008490630354,TRUE,0.52,0,1,"synthetic_valid"
"794",4,13.6631133084558,0,4.5543711028186,6.4093909361377,5.17059260678422,TRUE,0.45,0.15,1,"synthetic_valid"
"795",3,13.6631133084558,4.24792751344359,4.70759289750611,6.44990884451879,4.70759289750611,TRUE,0.4,0.133333333333333,1,"synthetic_valid"
"796",4,13.6631133084558,4.39231742277876,3.09026529522568,3.93179427743074,3.44087679746557,TRUE,0.3,0.1,1,"synthetic_valid"
"797",6,13.6631133084558,0,2.73262266169116,4.15527822547791,2.23172048180972,TRUE,0.266666666666667,0.133333333333333,1,"synthetic_valid"
"798",5,13.6631133084558,0,3.41577832711395,6.48448726670663,4.53907540386732,TRUE,0.44,0.2,1,"synthetic_valid"
"799",3,13.6631133084558,1,6.3315566542279,8.38586240064146,6.3315566542279,TRUE,0.666666666666667,0,1,"synthetic_valid"
"800",6,13.6631133084558,1,2.53262266169116,4.17929753119155,3.78782523360273,TRUE,0.633333333333333,0,1,"synthetic_valid"
"801",2,13.6631133084558,0,13.6631133084558,13.6631133084558,0,TRUE,0.8,0,1,"synthetic_valid"
"802",4,13.6631133084558,0,4.5543711028186,7.66533591718518,5.8315566542279,TRUE,0.45,0.2,1,"synthetic_valid"
"803",3,13.6631133084558,0,6.8315566542279,8.45365994282686,6.8315566542279,TRUE,0.466666666666667,0.266666666666667,1,"synthetic_valid"
"804",4,13.6631133084558,2,3.88770443615194,4.99739663982129,3.98133679515736,TRUE,0.3,0.25,1,"synthetic_valid"
"805",5,13.6631133084558,1,3.16577832711395,4.83289001416474,2.23172048180972,TRUE,0.28,0.2,1,"synthetic_valid"
"806",6,13.6631133084558,3,2.13262266169116,3.59837054370555,2.50245091285201,TRUE,0.4,0,1,"synthetic_valid"
"807",5,13.6631133084558,1.58496250072116,3.01953770193366,7.43819778419808,1.70878030110006,TRUE,0.32,0.08,1,"synthetic_valid"
"808",5,13.6631133084558,0,3.41577832711395,6.92362461136832,1.70878030110006,TRUE,0.28,0.16,1,"synthetic_valid"
"809",5,13.6631133084558,1,3.16577832711395,4.74779807737715,3.28782523360273,TRUE,0.44,0,1,"synthetic_valid"
"810",6,13.6631133084558,1,2.53262266169116,5.14295795384204,5.03907540386732,TRUE,0.633333333333333,0.0666666666666667,1,"synthetic_valid"
"811",3,13.6631133084558,2.32192809488736,5.67059260678422,7.90822580629234,5.67059260678422,TRUE,0.666666666666667,0.133333333333333,1,"synthetic_valid"
"812",5,13.6631133084558,2,2.91577832711395,5.8398553628348,4.40256615666412,TRUE,0.44,0.16,1,"synthetic_valid"
"813",6,13.6631133084558,1,2.53262266169116,5.88175359493115,4.28782523360273,TRUE,0.6,0.133333333333333,1,"synthetic_valid"
"814",6,13.6631133084558,0,2.73262266169116,5.14974711950468,2.23294830767288,TRUE,0.333333333333333,0.166666666666667,1,"synthetic_valid"
"815",6,13.6631133084558,1.58496250072116,2.41563016154693,4.93519285389261,4.40256615666412,TRUE,0.633333333333333,0.0666666666666667,1,"synthetic_valid"
"816",4,13.6631133084558,0,4.5543711028186,4.93519285389261,4.78782523360273,TRUE,0.45,0.25,1,"synthetic_valid"
"817",4,13.6631133084558,2.58496250072116,3.69271693591155,7.41925796559704,1.82944642106881,TRUE,0.35,0.05,1,"synthetic_valid"
"818",3,13.6631133084558,1.58496250072116,6.03907540386732,11.3411852135684,6.03907540386732,TRUE,0.533333333333333,0.2,1,"synthetic_valid"
"819",6,13.6631133084558,2.32192809488736,2.26823704271369,4.27301849440642,3.05043544211737,TRUE,0.333333333333333,0,1,"synthetic_valid"
"820",4,13.6631133084558,0,4.5543711028186,6.32192809488736,3.67059260678422,TRUE,0.4,0.2,1,"synthetic_valid"
"821",6,13.6631133084558,0,2.73262266169116,5.19140472885276,3.50962855934054,TRUE,0.5,0.1,1,"synthetic_valid"
"822",4,13.6631133084558,0,4.5543711028186,8.51333282374013,5.17059260678422,TRUE,0.35,0.3,1,"synthetic_valid"
"823",4,13.6631133084558,0,4.5543711028186,9.69783635796238,6.3315566542279,TRUE,0.55,0.15,1,"synthetic_valid"
"824",6,13.6631133084558,1.58496250072116,2.41563016154693,4.56224242422107,3.05043544211737,TRUE,0.4,0.0333333333333333,1,"synthetic_valid"
"825",5,13.6631133084558,2,2.91577832711395,5.97851057702578,3.56197724867389,TRUE,0.36,0.04,1,"synthetic_valid"
"826",5,13.6631133084558,2,2.91577832711395,3.12239663135973,2.97787708818746,TRUE,0.36,0.16,1,"synthetic_valid"
"827",6,13.6631133084558,0,2.73262266169116,5.88175359493115,5.10184084490925,TRUE,0.566666666666667,0.0333333333333333,1,"synthetic_valid"
"828",6,13.6631133084558,1.58496250072116,2.41563016154693,3.61738397841353,1.70878030110006,TRUE,0.3,0.0333333333333333,1,"synthetic_valid"
"829",6,13.6631133084558,2.32192809488736,2.26823704271369,4.63558857379112,3.11008490630354,TRUE,0.633333333333333,0.0333333333333333,1,"synthetic_valid"
"830",6,13.6631133084558,1,2.53262266169116,9.07815080773465,5.3315566542279,TRUE,0.566666666666667,0.166666666666667,1,"synthetic_valid"
"831",6,13.6631133084558,0,2.73262266169116,4.70043971814109,2.23172048180972,TRUE,0.333333333333333,0.133333333333333,1,"synthetic_valid"
"832",5,13.6631133084558,0,3.41577832711395,6.92837032301897,4.37811135642364,TRUE,0.48,0.08,1,"synthetic_valid"
"833",6,13.6631133084558,1,2.53262266169116,6.55458885167764,5.3315566542279,TRUE,0.7,0,1,"synthetic_valid"
"834",4,13.6631133084558,0,4.5543711028186,7.73131903102506,5.8315566542279,TRUE,0.6,0.05,1,"synthetic_valid"
"835",5,13.6631133084558,2,2.91577832711395,5.7279204545632,5.3315566542279,TRUE,0.52,0.12,1,"synthetic_valid"
"836",2,13.6631133084558,3.58496250072116,10.0781508077346,10.0781508077346,0,TRUE,0.7,0,1,"synthetic_valid"
"837",5,13.6631133084558,1.58496250072116,3.01953770193366,5.92840368822997,5.67059260678422,TRUE,0.6,0.16,1,"synthetic_valid"
"838",5,13.6631133084558,0,3.41577832711395,5.92362461136832,1.70878030110006,TRUE,0.4,0,1,"synthetic_valid"
"839",6,13.6631133084558,2.32192809488736,2.26823704271369,4.49541091574286,2.99888869563531,TRUE,0.433333333333333,0.0666666666666667,1,"synthetic_valid"
"840",6,13.6631133084558,2.58496250072116,2.21563016154693,3.81681525130667,3.70759289750611,TRUE,0.7,0,1,"synthetic_valid"
"841",6,13.6631133084558,0,2.73262266169116,7.90822580629234,4.45411290314617,TRUE,0.6,0.1,1,"synthetic_valid"
"842",5,13.6631133084558,0,3.41577832711395,6.08037341646402,3.95411290314617,TRUE,0.32,0.16,1,"synthetic_valid"
"843",4,13.6631133084558,2.32192809488736,3.78039507118948,5.0703893278914,3.13539794283852,TRUE,0.55,0.05,1,"synthetic_valid"
"844",4,13.6631133084558,2.32192809488736,3.78039507118948,5.54118080869324,4.5697756761994,TRUE,0.55,0.05,1,"synthetic_valid"
"845",6,13.6631133084558,0,2.73262266169116,6.07562770481337,1.70878030110006,TRUE,0.3,0.166666666666667,1,"synthetic_valid"
"846",4,13.6631133084558,2,3.88770443615194,8.0484034643406,4.45411290314617,TRUE,0.6,0,1,"synthetic_valid"
"847",5,13.6631133084558,1,3.16577832711395,5.27188741238777,4.60184084490925,TRUE,0.52,0.12,1,"synthetic_valid"
"848",6,13.6631133084558,1,2.53262266169116,4.38543103719352,2.97787708818746,TRUE,0.466666666666667,0.166666666666667,1,"synthetic_valid"
"849",5,13.6631133084558,0,3.41577832711395,9.07815080773465,5.24659415350675,TRUE,0.52,0,1,"synthetic_valid"
"850",4,13.6631133084558,2.8073549220576,3.6185861287994,4.93519285389261,4.63539794283852,TRUE,0.35,0.3,1,"synthetic_valid"
"851",5,13.6631133084558,0,3.41577832711395,6.19967234483636,3.23172048180972,TRUE,0.44,0.08,1,"synthetic_valid"
"852",6,13.6631133084558,1,2.53262266169116,4.77405491290143,4.24659415350675,TRUE,0.466666666666667,0.133333333333333,1,"synthetic_valid"
"853",6,13.6631133084558,0,2.73262266169116,6.39231742277876,2.23172048180972,TRUE,0.4,0.0666666666666667,1,"synthetic_valid"
"854",6,13.6631133084558,1,2.53262266169116,3.95419631038687,2.23294830767288,TRUE,0.233333333333333,0.0666666666666667,1,"synthetic_valid"
"855",3,13.6631133084558,1.58496250072116,6.03907540386732,7.12395449734777,6.03907540386732,TRUE,0.466666666666667,0.133333333333333,1,"synthetic_valid"
"856",6,13.6631133084558,2,2.33262266169116,3.96578428466209,2.23294830767288,TRUE,0.3,0.1,1,"synthetic_valid"
"857",4,13.6631133084558,0,4.5543711028186,10.2455527062557,1.70878030110006,TRUE,0.3,0.15,1,"synthetic_valid"
"858",6,13.6631133084558,1,2.53262266169116,4.82442843541655,4.37811135642364,TRUE,0.5,0.133333333333333,1,"synthetic_valid"
"859",5,13.6631133084558,0,3.41577832711395,9.57565046720547,5.53907540386732,TRUE,0.6,0.16,1,"synthetic_valid"
"860",5,13.6631133084558,0,3.41577832711395,6.40599235967584,5.67059260678422,TRUE,0.36,0.2,1,"synthetic_valid"
"861",5,13.6631133084558,0,3.41577832711395,7.83526091862749,4.8315566542279,TRUE,0.52,0.04,1,"synthetic_valid"
"862",6,13.6631133084558,2.32192809488736,2.26823704271369,6.99068796648431,4.45411290314617,TRUE,0.666666666666667,0.0333333333333333,1,"synthetic_valid"
"863",6,13.6631133084558,4.70043971814109,1.79253471806294,3.59837054370555,3.11008490630354,TRUE,0.5,0,1,"synthetic_valid"
"864",5,13.6631133084558,1,3.16577832711395,7.90822580629234,4.45411290314617,TRUE,0.64,0.12,1,"synthetic_valid"
"865",6,13.6631133084558,0,2.73262266169116,5.08746284125034,1.70878030110006,TRUE,0.366666666666667,0.0333333333333333,1,"synthetic_valid"
"866",4,13.6631133084558,5.16992500144231,2.8310627690045,4.4690176674665,3.71714730897996,TRUE,0.4,0.1,1,"synthetic_valid"
"867",4,13.6631133084558,1.58496250072116,4.02605026924488,6.55458885167764,5.67059260678422,TRUE,0.4,0.1,1,"synthetic_valid"
"868",4,13.6631133084558,1,4.22103776948527,8.30556130383772,6.03907540386732,TRUE,0.6,0.15,1,"synthetic_valid"
"869",4,13.6631133084558,3.4594316186373,3.4012272299395,5.4594316186373,2.37212503559061,TRUE,0.25,0.05,1,"synthetic_valid"
"870",6,13.6631133084558,3.32192809488736,2.06823704271369,3.59837054370555,2.50245091285201,TRUE,0.266666666666667,0.1,1,"synthetic_valid"
"871",6,13.6631133084558,0,2.73262266169116,7.12395449734777,4.08563010606307,TRUE,0.3,0.133333333333333,1,"synthetic_valid"
"872",5,13.6631133084558,0,3.41577832711395,4.16992500144231,3.64403693855444,TRUE,0.32,0.2,1,"synthetic_valid"
"873",5,13.6631133084558,0,3.41577832711395,7.23840473932508,5.10184084490925,TRUE,0.52,0.08,1,"synthetic_valid"
"874",4,13.6631133084558,3.70043971814109,3.32089119677157,4.32192809488736,2.82037274771368,TRUE,0.35,0.1,1,"synthetic_valid"
"875",6,13.6631133084558,0,2.73262266169116,9.01925711868108,5.3315566542279,TRUE,0.5,0.1,1,"synthetic_valid"
"876",6,13.6631133084558,0,2.73262266169116,3.4594316186373,1.70878030110006,TRUE,0.2,0.133333333333333,1,"synthetic_valid"
"877",6,13.6631133084558,1.58496250072116,2.41563016154693,4.90000421002328,2.97787708818746,TRUE,0.433333333333333,0.166666666666667,1,"synthetic_valid"
"878",5,13.6631133084558,3.32192809488736,2.58529630339211,3.4594316186373,2.97787708818746,TRUE,0.24,0.32,1,"synthetic_valid"
"879",6,13.6631133084558,0,2.73262266169116,4.63226821549951,1.70878030110006,TRUE,0.366666666666667,0.0666666666666667,1,"synthetic_valid"
"880",5,13.6631133084558,1,3.16577832711395,6.38986177105245,2.23294830767288,TRUE,0.36,0.12,1,"synthetic_valid"
"881",6,13.6631133084558,1.58496250072116,2.41563016154693,6.14295795384204,5.53907540386732,TRUE,0.6,0.166666666666667,1,"synthetic_valid"
"882",6,13.6631133084558,2.32192809488736,2.26823704271369,4.58496250072116,1.70878030110006,TRUE,0.266666666666667,0,1,"synthetic_valid"
"883",6,13.6631133084558,1,2.53262266169116,4.93519285389261,3.95411290314617,TRUE,0.5,0.1,1,"synthetic_valid"
"884",6,13.6631133084558,1,2.53262266169116,3.77095193840795,2.23294830767288,TRUE,0.266666666666667,0.133333333333333,1,"synthetic_valid"
"885",6,13.6631133084558,1,2.53262266169116,4.65344223860392,3.80935959454868,TRUE,0.466666666666667,0.1,1,"synthetic_valid"
"886",6,13.6631133084558,0,2.73262266169116,7.24555270625568,1.70878030110006,TRUE,0,0.2,1,"synthetic_valid"
"887",5,13.6631133084558,1,3.16577832711395,4.74779807737715,3.28782523360273,TRUE,0.48,0,1,"synthetic_valid"
"888",6,13.6631133084558,5.12928301694497,1.70676605830217,2.63804422551744,2.23294830767288,TRUE,0.2,0.0666666666666667,1,"synthetic_valid"
"889",4,13.6631133084558,0,4.5543711028186,9.25029841790633,5.53907540386732,TRUE,0.25,0.3,1,"synthetic_valid"
"890",4,13.6631133084558,0,4.5543711028186,7.99068796648431,4.98133679515736,TRUE,0.6,0.1,1,"synthetic_valid"
"891",4,13.6631133084558,1,4.22103776948527,7.78047025909396,5.8315566542279,TRUE,0.6,0.05,1,"synthetic_valid"
"892",6,13.6631133084558,1,2.53262266169116,4.17704943587569,3.00245091285201,TRUE,0.333333333333333,0.233333333333333,1,"synthetic_valid"
"893",6,13.6631133084558,0,2.73262266169116,7.83526091862749,4.8315566542279,TRUE,0.4,0.0666666666666667,1,"synthetic_valid"
"894",5,13.6631133084558,1.58496250072116,3.01953770193366,4.85323528347692,1.70878030110006,TRUE,0.4,0.04,1,"synthetic_valid"
"895",6,13.6631133084558,1.58496250072116,2.41563016154693,5.29135639586881,1.70878030110006,TRUE,0.3,0.166666666666667,1,"synthetic_valid"
"896",6,13.6631133084558,0,2.73262266169116,4.4690176674665,3.71714730897996,TRUE,0.433333333333333,0.1,1,"synthetic_valid"
"897",6,13.6631133084558,1.58496250072116,2.41563016154693,5.11547721741994,2.68885554479678,TRUE,0.433333333333333,0.133333333333333,1,"synthetic_valid"
"898",6,13.6631133084558,2.32192809488736,2.26823704271369,4.63084286214047,1.70878030110006,TRUE,0.433333333333333,0.0333333333333333,1,"synthetic_valid"
"899",6,13.6631133084558,4.70043971814109,1.79253471806294,3.59837054370555,3.11008490630354,TRUE,0.533333333333333,0,1,"synthetic_valid"
"900",6,13.6631133084558,0,2.73262266169116,5.88264304936184,1.70878030110006,TRUE,0.3,0.0666666666666667,1,"synthetic_valid"
"901",3,13.6631133084558,4.16992500144231,4.74659415350675,5.56139402958275,4.74659415350675,TRUE,0.4,0.2,1,"synthetic_valid"
"902",6,13.6631133084558,2,2.33262266169116,3.59837054370555,3.18424627978209,TRUE,0.466666666666667,0,1,"synthetic_valid"
"903",6,13.6631133084558,2.32192809488736,2.26823704271369,3.81681525130667,3.70759289750611,TRUE,0.633333333333333,0,1,"synthetic_valid"
"904",6,13.6631133084558,2,2.33262266169116,3.93179427743074,3.24160210922044,TRUE,0.433333333333333,0.166666666666667,1,"synthetic_valid"
"905",6,13.6631133084558,2,2.33262266169116,3.64385618977472,2.23294830767288,TRUE,0.233333333333333,0.1,1,"synthetic_valid"
"906",5,13.6631133084558,1,3.16577832711395,4.70597790168252,3.26691514575542,TRUE,0.32,0.08,1,"synthetic_valid"
"907",6,13.6631133084558,0,2.73262266169116,4.89616418901546,4.45411290314617,TRUE,0.466666666666667,0.133333333333333,1,"synthetic_valid"
"908",4,13.6631133084558,1,4.22103776948527,5.78135971352466,3.44087679746557,TRUE,0.35,0.15,1,"synthetic_valid"
"909",6,13.6631133084558,4.24792751344359,1.88303715900244,3.50036649153658,3.01324434395608,TRUE,0.333333333333333,0.133333333333333,1,"synthetic_valid"
"910",6,13.6631133084558,1.58496250072116,2.41563016154693,4.93519285389261,3.77729442583882,TRUE,0.533333333333333,0.0666666666666667,1,"synthetic_valid"
"911",6,13.6631133084558,2,2.33262266169116,4.17704943587569,3.00245091285201,TRUE,0.433333333333333,0.1,1,"synthetic_valid"
"912",6,13.6631133084558,0,2.73262266169116,3.93179427743074,3.44087679746557,TRUE,0.5,0.0666666666666667,1,"synthetic_valid"
"913",4,13.6631133084558,1,4.22103776948527,7.59702411799803,5.17059260678422,TRUE,0.55,0.2,1,"synthetic_valid"
"914",5,13.6631133084558,0,3.41577832711395,6.44990884451879,4.70759289750611,TRUE,0.36,0.16,1,"synthetic_valid"
"915",6,13.6631133084558,0,2.73262266169116,4.19004171776368,3.57765933412855,TRUE,0.5,0.133333333333333,1,"synthetic_valid"
"916",6,13.6631133084558,1,2.53262266169116,3.19799047087917,3.0816337106863,TRUE,0.4,0.166666666666667,1,"synthetic_valid"
"917",5,13.6631133084558,0,3.41577832711395,5.47031993478003,3.30391543647731,TRUE,0.48,0,1,"synthetic_valid"
"918",4,13.6631133084558,3.8073549220576,3.28525279546607,4.60531114611296,4.10184084490925,TRUE,0.5,0.05,1,"synthetic_valid"
"919",6,13.6631133084558,0,2.73262266169116,6.12239663135973,2.97787708818746,TRUE,0.466666666666667,0.166666666666667,1,"synthetic_valid"
"920",4,13.6631133084558,3.90689059560852,3.25207423761576,4.93519285389261,3.77729442583882,TRUE,0.5,0.1,1,"synthetic_valid"
"921",5,13.6631133084558,0,3.41577832711395,4.70043971814109,3.67059260678422,TRUE,0.4,0.12,1,"synthetic_valid"
"922",6,13.6631133084558,1,2.53262266169116,7.90822580629234,5.67059260678422,TRUE,0.733333333333333,0.0666666666666667,1,"synthetic_valid"
"923",6,13.6631133084558,2,2.33262266169116,4.14177396112816,2.98481317547824,TRUE,0.4,0.0333333333333333,1,"synthetic_valid"
"924",6,13.6631133084558,1,2.53262266169116,3.77760757866355,1.70878030110006,TRUE,0.166666666666667,0.1,1,"synthetic_valid"
"925",6,13.6631133084558,2.32192809488736,2.26823704271369,4.27301849440642,3.05043544211737,TRUE,0.333333333333333,0,1,"synthetic_valid"
"926",5,13.6631133084558,1,3.16577832711395,5.14974711950468,2.23294830767288,TRUE,0.36,0.12,1,"synthetic_valid"
"927",3,13.6631133084558,4,4.8315566542279,6.69783635796238,4.8315566542279,TRUE,0.4,0.2,1,"synthetic_valid"
"928",4,13.6631133084558,0,4.5543711028186,6.32192809488736,3.67059260678422,TRUE,0.3,0.25,1,"synthetic_valid"
"929",4,13.6631133084558,1,4.22103776948527,6.48095302798006,4.35445849903447,TRUE,0.35,0.1,1,"synthetic_valid"
"930",3,13.6631133084558,3.16992500144231,5.24659415350675,8.66311330845581,5.24659415350675,TRUE,0.666666666666667,0,1,"synthetic_valid"
"931",4,13.6631133084558,1.58496250072116,4.02605026924488,6.25959303251264,4.05426222838908,TRUE,0.35,0.15,1,"synthetic_valid"
"932",5,13.6631133084558,3,2.66577832711395,3.93179427743074,3.34866451189686,TRUE,0.36,0.12,1,"synthetic_valid"
"933",4,13.6631133084558,0,4.5543711028186,8.51333282374013,5.17059260678422,TRUE,0.4,0.1,1,"synthetic_valid"
"934",6,13.6631133084558,0,2.73262266169116,7.45365994282686,4.87811135642364,TRUE,0.433333333333333,0.0666666666666667,1,"synthetic_valid"
"935",5,13.6631133084558,0,3.41577832711395,6.08746284125034,1.70878030110006,TRUE,0.28,0.12,1,"synthetic_valid"
"936",5,13.6631133084558,0,3.41577832711395,6.44990884451879,4.70759289750611,TRUE,0.4,0.12,1,"synthetic_valid"
"937",6,13.6631133084558,2,2.33262266169116,3.81681525130667,3.70759289750611,TRUE,0.6,0,1,"synthetic_valid"
"938",6,13.6631133084558,1.58496250072116,2.41563016154693,3.6924909650256,3.0816337106863,TRUE,0.533333333333333,0.1,1,"synthetic_valid"
"939",5,13.6631133084558,1,3.16577832711395,4.7799784831263,3.30391543647731,TRUE,0.44,0.04,1,"synthetic_valid"
"940",3,13.6631133084558,4.08746284125034,4.78782523360273,7.74779807737715,4.78782523360273,TRUE,0.466666666666667,0,1,"synthetic_valid"
"941",6,13.6631133084558,1.58496250072116,2.41563016154693,3.77760757866355,1.70878030110006,TRUE,0.2,0.0333333333333333,1,"synthetic_valid"
"942",5,13.6631133084558,0,3.41577832711395,6.40087943628219,2.33863568572623,TRUE,0.28,0.08,1,"synthetic_valid"
"943",4,13.6631133084558,0,4.5543711028186,7.55458885167764,5.4278791931991,TRUE,0.6,0.15,1,"synthetic_valid"
"944",6,13.6631133084558,0,2.73262266169116,4.22239242133645,2.24659415350675,TRUE,0.266666666666667,0.166666666666667,1,"synthetic_valid"
"945",5,13.6631133084558,0,3.41577832711395,4.58496250072116,2.97787708818746,TRUE,0.32,0.2,1,"synthetic_valid"
"946",5,13.6631133084558,1,3.16577832711395,7.12395449734777,4.63539794283852,TRUE,0.36,0.08,1,"synthetic_valid"
"947",5,13.6631133084558,0,3.41577832711395,5.3390016082463,4.63539794283852,TRUE,0.28,0.32,1,"synthetic_valid"
"948",6,13.6631133084558,0,2.73262266169116,7.54689445988764,2.05810942428408,TRUE,0.333333333333333,0.0333333333333333,1,"synthetic_valid"
"949",4,13.6631133084558,0,4.5543711028186,6.5077946401987,3.57765933412855,TRUE,0.45,0.2,1,"synthetic_valid"
"950",6,13.6631133084558,1.58496250072116,2.41563016154693,5.12928301694497,4.9278791931991,TRUE,0.533333333333333,0.0333333333333333,1,"synthetic_valid"
"951",6,13.6631133084558,2.32192809488736,2.26823704271369,8.53383029151084,5.24659415350675,TRUE,0.533333333333333,0.233333333333333,1,"synthetic_valid"
"952",6,13.6631133084558,0,2.73262266169116,6.02236781302845,2.82037274771368,TRUE,0.4,0.1,1,"synthetic_valid"
"953",5,13.6631133084558,1.58496250072116,3.01953770193366,4.61037351671204,3.78782523360273,TRUE,0.4,0.08,1,"synthetic_valid"
"954",5,13.6631133084558,0,3.41577832711395,7.57123551760964,5.10184084490925,TRUE,0.4,0.24,1,"synthetic_valid"
"955",6,13.6631133084558,1,2.53262266169116,4.31624338993229,3.5936899387447,TRUE,0.5,0.1,1,"synthetic_valid"
"956",6,13.6631133084558,0,2.73262266169116,4,3.61008490630354,TRUE,0.466666666666667,0.0666666666666667,1,"synthetic_valid"
"957",4,13.6631133084558,3,3.5543711028186,6.02790599656988,3.9278791931991,TRUE,0.5,0,1,"synthetic_valid"
"958",4,13.6631133084558,4,3.22103776948527,5.52791135652006,4.24659415350675,TRUE,0.45,0.15,1,"synthetic_valid"
"959",6,13.6631133084558,1,2.53262266169116,5.60169651648096,1.70878030110006,TRUE,0.433333333333333,0.0666666666666667,1,"synthetic_valid"
"960",6,13.6631133084558,2.8073549220576,2.17115167727964,3.92184093707449,2.37063618569066,TRUE,0.4,0.0333333333333333,1,"synthetic_valid"
"961",6,13.6631133084558,2.32192809488736,2.26823704271369,7.06474276475026,5.3315566542279,TRUE,0.7,0,1,"synthetic_valid"
"962",5,13.6631133084558,0,3.41577832711395,8.24555270625568,1.70878030110006,TRUE,0.4,0.08,1,"synthetic_valid"
"963",6,13.6631133084558,2.58496250072116,2.21563016154693,5.27188741238777,4.60184084490925,TRUE,0.466666666666667,0.1,1,"synthetic_valid"
"964",4,13.6631133084558,2,3.88770443615194,5.05528243550119,3.30391543647731,TRUE,0.4,0,1,"synthetic_valid"
"965",5,13.6631133084558,0,3.41577832711395,5.12928301694497,1.70878030110006,TRUE,0.36,0,1,"synthetic_valid"
"966",4,13.6631133084558,3,3.5543711028186,6.19721669311005,2.23294830767288,TRUE,0.3,0.15,1,"synthetic_valid"
"967",4,13.6631133084558,2,3.88770443615194,7.90822580629234,5.67059260678422,TRUE,0.7,0.1,1,"synthetic_valid"
"968",6,13.6631133084558,0,2.73262266169116,5.97727992349992,1.70878030110006,TRUE,0.0666666666666667,0.133333333333333,1,"synthetic_valid"
"969",6,13.6631133084558,2.32192809488736,2.26823704271369,3.59837054370555,3.11008490630354,TRUE,0.533333333333333,0.0333333333333333,1,"synthetic_valid"
"970",4,13.6631133084558,0,4.5543711028186,6.86418614465428,6.3315566542279,TRUE,0.65,0.05,1,"synthetic_valid"
"971",6,13.6631133084558,2.32192809488736,2.26823704271369,3.87528859822269,2.23294830767288,TRUE,0.433333333333333,0.0666666666666667,1,"synthetic_valid"
"972",4,13.6631133084558,0,4.5543711028186,6.78135971352466,3.44087679746557,TRUE,0.35,0.1,1,"synthetic_valid"
"973",5,13.6631133084558,0,3.41577832711395,4.80192103600698,4.20759289750611,TRUE,0.48,0.12,1,"synthetic_valid"
"974",4,13.6631133084558,0,4.5543711028186,7.22881869049588,6.3315566542279,TRUE,0.55,0.15,1,"synthetic_valid"
"975",6,13.6631133084558,1,2.53262266169116,4.14177396112816,2.98481317547824,TRUE,0.466666666666667,0.0333333333333333,1,"synthetic_valid"
"976",6,13.6631133084558,2,2.33262266169116,4.93519285389261,3.95411290314617,TRUE,0.533333333333333,0.1,1,"synthetic_valid"
"977",4,13.6631133084558,0,4.5543711028186,5.79094576235386,4.37811135642364,TRUE,0.5,0.1,1,"synthetic_valid"
"978",3,13.6631133084558,2,5.8315566542279,7.59702411799803,5.8315566542279,TRUE,0.4,0.333333333333333,1,"synthetic_valid"
"979",6,13.6631133084558,1,2.53262266169116,4.96015048739343,1.70878030110006,TRUE,0.333333333333333,0.0666666666666667,1,"synthetic_valid"
"980",4,13.6631133084558,3.58496250072116,3.35938360257822,5.6122541923889,2.23294830767288,TRUE,0.25,0.15,1,"synthetic_valid"
"981",4,13.6631133084558,1,4.22103776948527,5.78135971352466,3.44087679746557,TRUE,0.35,0.15,1,"synthetic_valid"
"982",6,13.6631133084558,1,2.53262266169116,7.73237597089292,5.17059260678422,TRUE,0.666666666666667,0.0333333333333333,1,"synthetic_valid"
"983",4,13.6631133084558,1.58496250072116,4.02605026924488,7.12395449734777,4.63539794283852,TRUE,0.4,0.05,1,"synthetic_valid"
"984",6,13.6631133084558,0,2.73262266169116,5.47823796554752,5.24659415350675,TRUE,0.633333333333333,0.1,1,"synthetic_valid"
"985",5,13.6631133084558,0,3.41577832711395,5.88175359493115,4.28782523360273,TRUE,0.4,0.24,1,"synthetic_valid"
"986",4,13.6631133084558,2,3.88770443615194,7.73237597089292,5.53907540386732,TRUE,0.55,0.15,1,"synthetic_valid"
"987",5,13.6631133084558,1,3.16577832711395,7.43819778419808,1.70878030110006,TRUE,0.4,0.04,1,"synthetic_valid"
"988",6,13.6631133084558,0,2.73262266169116,5.81136426703975,4.74659415350675,TRUE,0.633333333333333,0.1,1,"synthetic_valid"
"989",6,13.6631133084558,1,2.53262266169116,5.54511298811459,1.70878030110006,TRUE,0.3,0,1,"synthetic_valid"
"990",6,13.6631133084558,1,2.53262266169116,5.02541101599088,3.99534398324216,TRUE,0.5,0.0666666666666667,1,"synthetic_valid"
"991",5,13.6631133084558,1,3.16577832711395,4.58496250072116,3.42146717302031,TRUE,0.36,0.04,1,"synthetic_valid"
"992",6,13.6631133084558,0,2.73262266169116,5.65344223860392,4.30935959454868,TRUE,0.433333333333333,0.2,1,"synthetic_valid"
"993",5,13.6631133084558,0,3.41577832711395,4.49984588708321,3.0816337106863,TRUE,0.28,0.28,1,"synthetic_valid"
"994",5,13.6631133084558,0,3.41577832711395,7.55458885167764,5.8315566542279,TRUE,0.6,0.08,1,"synthetic_valid"
"995",6,13.6631133084558,0,2.73262266169116,5.47823796554752,5.24659415350675,TRUE,0.633333333333333,0.1,1,"synthetic_valid"
"996",6,13.6631133084558,2.32192809488736,2.26823704271369,5.49677697496896,2.23294830767288,TRUE,0.4,0.0333333333333333,1,"synthetic_valid"
"997",6,13.6631133084558,2.58496250072116,2.21563016154693,4.14177396112816,2.98481317547824,TRUE,0.266666666666667,0.0333333333333333,1,"synthetic_valid"
"998",5,13.6631133084558,1,3.16577832711395,4.70043971814109,2.82037274771368,TRUE,0.36,0.08,1,"synthetic_valid"
"999",5,13.6631133084558,2,2.91577832711395,4.93519285389261,3.77729442583882,TRUE,0.52,0.08,1,"synthetic_valid"
"1000",6,13.6631133084558,1,2.53262266169116,7.08037341646402,4.45411290314617,TRUE,0.4,0.0666666666666667,1,"synthetic_valid"
"1001",5,13.6631133084558,1,3.16577832711395,7.73237597089292,5.4278791931991,TRUE,0.6,0.12,0,"synthetic_invalid"
"1002",5,13.6631133084558,1,3.16577832711395,4.90156207601133,4.5697756761994,TRUE,0.52,0.08,0,"synthetic_invalid"
"1003",3,13.6631133084558,0,6.8315566542279,10.0781508077346,6.8315566542279,TRUE,0.6,0.2,0,"synthetic_invalid"
"1004",4,13.6631133084558,0,4.5543711028186,5.69732902379372,5.17059260678422,TRUE,0.45,0.25,0,"synthetic_invalid"
"1005",5,13.6631133084558,0,3.41577832711395,4.90156207601133,4.20759289750611,TRUE,0.48,0.12,0,"synthetic_invalid"
"1006",4,13.6631133084558,0,4.5543711028186,8.41518579501222,5.8315566542279,TRUE,0.7,0,0,"synthetic_invalid"
"1007",3,13.6631133084558,5,4.3315566542279,4.72280753116955,4.3315566542279,TRUE,0.333333333333333,0.2,0,"synthetic_invalid"
"1008",3,13.6631133084558,0,6.8315566542279,10.8557583863982,6.8315566542279,TRUE,0.733333333333333,0.0666666666666667,0,"synthetic_invalid"
"1009",4,13.6631133084558,0,4.5543711028186,5.59165094589918,5.03907540386732,TRUE,0.6,0,0,"synthetic_invalid"
"1010",4,13.6631133084558,0,4.5543711028186,5.27940901598175,4.50962855934054,TRUE,0.5,0.15,0,"synthetic_invalid"
"1011",6,13.6631133084558,2.32192809488736,2.26823704271369,6.8557583863982,5.3315566542279,TRUE,0.666666666666667,0.1,0,"synthetic_invalid"
"1012",3,13.6631133084558,1,6.3315566542279,6.4178525148859,6.3315566542279,TRUE,0.4,0.266666666666667,0,"synthetic_invalid"
"1013",3,13.6631133084558,1.58496250072116,6.03907540386732,10.4931883070135,6.03907540386732,TRUE,0.666666666666667,0.133333333333333,0,"synthetic_invalid"
"1014",4,13.6631133084558,0,4.5543711028186,5,4.3315566542279,TRUE,0.3,0.3,0,"synthetic_invalid"
"1015",4,13.6631133084558,2,3.88770443615194,5.58096426710194,4.48133679515736,TRUE,0.35,0.2,0,"synthetic_invalid"
"1016",4,13.6631133084558,0,4.5543711028186,7.43462822763673,5.67059260678422,TRUE,0.5,0.05,0,"synthetic_invalid"
"1017",5,13.6631133084558,0,3.41577832711395,5.27940901598175,4.5697756761994,TRUE,0.52,0.16,0,"synthetic_invalid"
"1018",5,13.6631133084558,0,3.41577832711395,8.57565046720547,6.03907540386732,TRUE,0.72,0.08,0,"synthetic_invalid"
"1019",4,13.6631133084558,1.58496250072116,4.02605026924488,6.17159382180293,5.03907540386732,TRUE,0.45,0.05,0,"synthetic_invalid"
"1020",5,13.6631133084558,0,3.41577832711395,6.97661278127259,4.63539794283852,TRUE,0.6,0.04,0,"synthetic_invalid"
"1021",4,13.6631133084558,1,4.22103776948527,5.69732902379372,4.3315566542279,TRUE,0.4,0.2,0,"synthetic_invalid"
"1022",4,13.6631133084558,1,4.22103776948527,7.55458885167764,5.53907540386732,TRUE,0.45,0.2,0,"synthetic_invalid"
"1023",4,13.6631133084558,0,4.5543711028186,5.51657552574091,4.74659415350675,TRUE,0.35,0.25,0,"synthetic_invalid"
"1024",4,13.6631133084558,2,3.88770443615194,8.30556130383772,5.53907540386732,TRUE,0.65,0.1,0,"synthetic_invalid"
"1025",3,13.6631133084558,5.64385618977472,4.00962855934054,4.05831649559082,4.00962855934054,TRUE,0.333333333333333,0.2,0,"synthetic_invalid"
"1026",3,13.6631133084558,1.58496250072116,6.03907540386733,8.45365994282686,6.03907540386733,TRUE,0.6,0.133333333333333,0,"synthetic_invalid"
"1027",4,13.6631133084558,1,4.22103776948527,5.58663132108178,4.74659415350675,TRUE,0.45,0,0,"synthetic_invalid"
"1028",5,13.6631133084558,1,3.16577832711395,4.90156207601133,4.63539794283852,TRUE,0.56,0.08,0,"synthetic_invalid"
"1029",4,13.6631133084558,1,4.22103776948527,4.95419631038687,4.9278791931991,TRUE,0.55,0.1,0,"synthetic_invalid"
"1030",3,13.6631133084558,0,6.8315566542279,7.99068796648431,6.8315566542279,TRUE,0.4,0.4,0,"synthetic_invalid"
"1031",3,13.6631133084558,4.16992500144231,4.74659415350675,5.53224768392324,4.74659415350675,TRUE,0.4,0.133333333333333,0,"synthetic_invalid"
"1032",4,13.6631133084558,2,3.88770443615194,11.0781508077346,5.67059260678422,TRUE,0.75,0.1,0,"synthetic_invalid"
"1033",4,13.6631133084558,0,4.5543711028186,8.57565046720547,5.17059260678422,TRUE,0.65,0,0,"synthetic_invalid"
"1034",3,13.6631133084558,1,6.3315566542279,8.57565046720547,6.3315566542279,TRUE,0.666666666666667,0,0,"synthetic_invalid"
"1035",4,13.6631133084558,0,4.5543711028186,6.36457243229586,5.17059260678422,TRUE,0.3,0.3,0,"synthetic_invalid"
"1036",2,13.6631133084558,2,11.6631133084558,11.6631133084558,0,TRUE,0.6,0.4,0,"synthetic_invalid"
"1037",4,13.6631133084558,0,4.5543711028186,7.08214904135387,6.3315566542279,TRUE,0.55,0.1,0,"synthetic_invalid"
"1038",4,13.6631133084558,0,4.5543711028186,6.38698890318157,5.4278791931991,TRUE,0.45,0.15,0,"synthetic_invalid"
"1039",5,13.6631133084558,0,3.41577832711395,4.08746284125034,4.0242017321703,TRUE,0.48,0.12,0,"synthetic_invalid"
"1040",4,13.6631133084558,0,4.5543711028186,7.57565046720547,5.53907540386732,TRUE,0.6,0.1,0,"synthetic_invalid"
"1041",3,13.6631133084558,0,6.8315566542279,9.96267359031471,6.8315566542279,TRUE,0.6,0.2,0,"synthetic_invalid"
"1042",3,13.6631133084558,0,6.8315566542279,8.53383029151084,6.8315566542279,TRUE,0.666666666666667,0.133333333333333,0,"synthetic_invalid"
"1043",5,13.6631133084558,1.58496250072116,3.01953770193366,4.55721751023825,4.26691514575542,TRUE,0.52,0.08,0,"synthetic_invalid"
"1044",6,13.6631133084558,2.32192809488736,2.26823704271369,5.99068796648431,4.70759289750611,TRUE,0.5,0.1,0,"synthetic_invalid"
"1045",4,13.6631133084558,1.58496250072116,4.02605026924488,9.41518579501222,5.24659415350675,TRUE,0.7,0.05,0,"synthetic_invalid"
"1046",3,13.6631133084558,2,5.8315566542279,6.07146236255662,5.8315566542279,TRUE,0.466666666666667,0.133333333333333,0,"synthetic_invalid"
"1047",5,13.6631133084558,1,3.16577832711395,4.90156207601133,4.63539794283852,TRUE,0.56,0.08,0,"synthetic_invalid"
"1048",4,13.6631133084558,2,3.88770443615194,9.41518579501222,5.17059260678422,TRUE,0.7,0,0,"synthetic_invalid"
"1049",3,13.6631133084558,0,6.8315566542279,9.68650052718322,6.8315566542279,TRUE,0.333333333333333,0.333333333333333,0,"synthetic_invalid"
"1050",3,13.6631133084558,5.70043971814109,3.98133679515736,4.056116604383,3.98133679515736,TRUE,0.333333333333333,0,0,"synthetic_invalid"
"1051",6,13.6631133084558,0,2.73262266169116,6.97661278127259,4.63539794283852,TRUE,0.566666666666667,0.0333333333333333,0,"synthetic_invalid"
"1052",3,13.6631133084558,3,5.3315566542279,6.24526079356991,5.3315566542279,TRUE,0.333333333333333,0.4,0,"synthetic_invalid"
"1053",4,13.6631133084558,0,4.5543711028186,5.99777739127063,4.60184084490925,TRUE,0.5,0.1,0,"synthetic_invalid"
"1054",4,13.6631133084558,0,4.5543711028186,8.34118521356844,5.53907540386733,TRUE,0.55,0.15,0,"synthetic_invalid"
"1055",4,13.6631133084558,0,4.5543711028186,7.12412131182919,6.3315566542279,TRUE,0.45,0.15,0,"synthetic_invalid"
"1056",5,13.6631133084558,1,3.16577832711395,5.69732902379372,4.63539794283852,TRUE,0.48,0.24,0,"synthetic_invalid"
"1057",4,13.6631133084558,0,4.5543711028186,6.38698890318157,5.4278791931991,TRUE,0.45,0.15,0,"synthetic_invalid"
"1058",4,13.6631133084558,0,4.5543711028186,5.24792751344359,4.20759289750611,TRUE,0.45,0.15,0,"synthetic_invalid"
"1059",4,13.6631133084558,0,4.5543711028186,5.99068796648431,4.5697756761994,TRUE,0.45,0.15,0,"synthetic_invalid"
"1060",6,13.6631133084558,0,2.73262266169116,7.75622271284729,5.67059260678422,TRUE,0.533333333333333,0.133333333333333,0,"synthetic_invalid"
"1061",5,13.6631133084558,0,3.41577832711395,4.26470322619441,4.08563010606307,TRUE,0.32,0.08,0,"synthetic_invalid"
"1062",5,13.6631133084558,1,3.16577832711395,4.47488001772596,4.20759289750611,TRUE,0.52,0.04,0,"synthetic_invalid"
"1063",3,13.6631133084558,0,6.8315566542279,7.48381577726426,6.8315566542279,TRUE,0.6,0.0666666666666667,0,"synthetic_invalid"
"1064",4,13.6631133084558,1,4.22103776948527,5.91545260911194,4.9278791931991,TRUE,0.4,0.15,0,"synthetic_invalid"
"1065",6,13.6631133084558,0,2.73262266169116,5.61470984411521,4.78782523360273,TRUE,0.5,0.0333333333333333,0,"synthetic_invalid"
"1066",4,13.6631133084558,1.58496250072116,4.02605026924488,4.10809768705434,4.0242017321703,TRUE,0.35,0.15,0,"synthetic_invalid"
"1067",4,13.6631133084558,0,4.5543711028186,5.12928301694497,4.26691514575542,TRUE,0.45,0.2,0,"synthetic_invalid"
"1068",5,13.6631133084558,0,3.41577832711395,5.09705927028471,4.11842427687685,TRUE,0.52,0.16,0,"synthetic_invalid"
"1069",6,13.6631133084558,0,2.73262266169116,5.58710777255271,4.9278791931991,TRUE,0.533333333333333,0.133333333333333,0,"synthetic_invalid"
"1070",3,13.6631133084558,0,6.8315566542279,6.97661278127259,6.8315566542279,TRUE,0.666666666666667,0.0666666666666667,0,"synthetic_invalid"
"1071",3,13.6631133084558,5.70043971814109,3.98133679515736,4.056116604383,3.98133679515736,TRUE,0.333333333333333,0,0,"synthetic_invalid"
"1072",4,13.6631133084558,0,4.5543711028186,5.12928301694497,4.26691514575542,TRUE,0.35,0.15,0,"synthetic_invalid"
"1073",3,13.6631133084558,0,6.8315566542279,10.0781508077346,6.8315566542279,TRUE,0.733333333333333,0.0666666666666667,0,"synthetic_invalid"
"1074",3,13.6631133084558,0,6.8315566542279,8.07681559705083,6.8315566542279,TRUE,0.4,0.333333333333333,0,"synthetic_invalid"
"1075",4,13.6631133084558,0,4.5543711028186,7.17126021212613,5.10184084490925,TRUE,0.35,0.35,0,"synthetic_invalid"
"1076",5,13.6631133084558,0,3.41577832711395,4.4927193197366,4.22682997141343,TRUE,0.4,0.12,0,"synthetic_invalid"
"1077",3,13.6631133084558,1,6.3315566542279,7.43429461795993,6.3315566542279,TRUE,0.666666666666667,0.0666666666666667,0,"synthetic_invalid"
"1078",3,13.6631133084558,1.58496250072116,6.03907540386732,7.41518579501222,6.03907540386732,TRUE,0.733333333333333,0,0,"synthetic_invalid"
"1079",4,13.6631133084558,1.58496250072116,4.02605026924488,6.43462822763673,5.17059260678422,TRUE,0.45,0.15,0,"synthetic_invalid"
"1080",4,13.6631133084558,0,4.5543711028186,5.99777739127063,4.60184084490925,TRUE,0.5,0.1,0,"synthetic_invalid"
"1081",4,13.6631133084558,0,4.5543711028186,5.53899199662662,4.87811135642364,TRUE,0.35,0.15,0,"synthetic_invalid"
"1082",3,13.6631133084558,4.70043971814109,4.48133679515736,4.98606080904213,4.48133679515736,TRUE,0.333333333333333,0.133333333333333,0,"synthetic_invalid"
"1083",3,13.6631133084558,0,6.8315566542279,7.78047025909396,6.8315566542279,TRUE,0.6,0.0666666666666667,0,"synthetic_invalid"
"1084",5,13.6631133084558,1.58496250072116,3.01953770193366,6.8557583863982,5.03907540386732,TRUE,0.52,0.16,0,"synthetic_invalid"
"1085",4,13.6631133084558,0,4.5543711028186,6.75655632252409,5.3315566542279,TRUE,0.4,0.15,0,"synthetic_invalid"
"1086",3,13.6631133084558,2.58496250072116,5.53907540386732,7.13784503044839,5.53907540386732,TRUE,0.533333333333333,0.0666666666666667,0,"synthetic_invalid"
"1087",4,13.6631133084558,1.58496250072116,4.02605026924488,8.34118521356844,5.8315566542279,TRUE,0.55,0.15,0,"synthetic_invalid"
"1088",4,13.6631133084558,1,4.22103776948527,5.80219321694183,5.67059260678422,TRUE,0.45,0.1,0,"synthetic_invalid"
"1089",3,13.6631133084558,3,5.3315566542279,8.96267359031471,5.3315566542279,TRUE,0.6,0.133333333333333,0,"synthetic_invalid"
"1090",4,13.6631133084558,1.58496250072116,4.02605026924488,6.8557583863982,4.50962855934054,TRUE,0.3,0.4,0,"synthetic_invalid"
"1091",2,13.6631133084558,1.58496250072116,12.0781508077346,12.0781508077346,0,TRUE,0.9,0,0,"synthetic_invalid"
"1092",4,13.6631133084558,0,4.5543711028186,8.17159382180293,6.03907540386732,TRUE,0.5,0.05,0,"synthetic_invalid"
"1093",4,13.6631133084558,1,4.22103776948527,5.45424517192196,4.70759289750611,TRUE,0.3,0.2,0,"synthetic_invalid"
"1094",4,13.6631133084558,0,4.5543711028186,7.13955135239879,6.03907540386732,TRUE,0.6,0.1,0,"synthetic_invalid"
"1095",4,13.6631133084558,0,4.5543711028186,5.79528208975703,4.87811135642364,TRUE,0.4,0.3,0,"synthetic_invalid"
"1096",6,13.6631133084558,0,2.73262266169116,7.17126021212613,5.8315566542279,TRUE,0.6,0.166666666666667,0,"synthetic_invalid"
"1097",4,13.6631133084558,0,4.5543711028186,7.61871918909735,5.24659415350675,TRUE,0.45,0.15,0,"synthetic_invalid"
"1098",5,13.6631133084558,0,3.41577832711395,5.58629771140497,4.4278791931991,TRUE,0.36,0.24,0,"synthetic_invalid"
"1099",4,13.6631133084558,0,4.5543711028186,7.12412131182919,6.3315566542279,TRUE,0.65,0.05,0,"synthetic_invalid"
"1100",4,13.6631133084558,0,4.5543711028186,6.94920140046648,5.4278791931991,TRUE,0.4,0.15,0,"synthetic_invalid"
"1101",5,13.6631133084558,0,3.41577832711395,8.57565046720547,6.03907540386732,TRUE,0.72,0.08,0,"synthetic_invalid"
"1102",3,13.6631133084558,0,6.8315566542279,8.41518579501222,6.8315566542279,TRUE,0.6,0.133333333333333,0,"synthetic_invalid"
"1103",6,13.6631133084558,1,2.53262266169116,7.47328874957579,5.24659415350675,TRUE,0.633333333333333,0.1,0,"synthetic_invalid"
"1104",4,13.6631133084558,1,4.22103776948527,6.8557583863982,6.03907540386732,TRUE,0.5,0.3,0,"synthetic_invalid"
"1105",3,13.6631133084558,1.58496250072116,6.03907540386733,8.34118521356844,6.03907540386733,TRUE,0.466666666666667,0.2,0,"synthetic_invalid"
"1106",4,13.6631133084558,0,4.5543711028186,10.0781508077346,6.3315566542279,TRUE,0.6,0.1,0,"synthetic_invalid"
"1107",4,13.6631133084558,0,4.5543711028186,5.69732902379372,4.63539794283852,TRUE,0.45,0.2,0,"synthetic_invalid"
"1108",4,13.6631133084558,1,4.22103776948527,7.43462822763673,5.67059260678422,TRUE,0.45,0.15,0,"synthetic_invalid"
"1109",3,13.6631133084558,0,6.8315566542279,6.97661278127259,6.8315566542279,TRUE,0.666666666666667,0.0666666666666667,0,"synthetic_invalid"
"1110",3,13.6631133084558,0,6.8315566542279,8.76155123244448,6.8315566542279,TRUE,0.6,0,0,"synthetic_invalid"
"1111",4,13.6631133084558,0,4.5543711028186,6.00173296722446,4.98133679515736,TRUE,0.45,0.15,0,"synthetic_invalid"
"1112",5,13.6631133084558,1,3.16577832711395,6.27940901598175,4.87811135642364,TRUE,0.56,0.12,0,"synthetic_invalid"
"1113",3,13.6631133084558,1.58496250072116,6.03907540386732,7.27079588567705,6.03907540386732,TRUE,0.666666666666667,0,0,"synthetic_invalid"
"1114",6,13.6631133084558,0,2.73262266169116,5.58663132108178,4.74659415350675,TRUE,0.533333333333333,0,0,"synthetic_invalid"
"1115",4,13.6631133084558,0,4.5543711028186,11.0781508077346,6.3315566542279,TRUE,0.6,0.25,0,"synthetic_invalid"
"1116",4,13.6631133084558,1,4.22103776948527,7.8557583863982,5.67059260678422,TRUE,0.6,0.1,0,"synthetic_invalid"
"1117",6,13.6631133084558,1.58496250072116,2.41563016154693,5.58663132108178,4.74659415350675,TRUE,0.533333333333333,0.0333333333333333,0,"synthetic_invalid"
"1118",6,13.6631133084558,2.8073549220576,2.17115167727964,4.53224768392324,4.24659415350675,TRUE,0.566666666666667,0.0333333333333333,0,"synthetic_invalid"
"1119",3,13.6631133084558,2.58496250072116,5.53907540386732,6.43429461795993,5.53907540386732,TRUE,0.4,0.333333333333333,0,"synthetic_invalid"
"1120",5,13.6631133084558,2,2.91577832711395,4.98606080904213,4.48133679515736,TRUE,0.48,0.12,0,"synthetic_invalid"
"1121",3,13.6631133084558,0,6.8315566542279,8.08214904135387,6.8315566542279,TRUE,0.466666666666667,0.133333333333333,0,"synthetic_invalid"
"1122",5,13.6631133084558,0,3.41577832711395,6.72280753116955,5.3315566542279,TRUE,0.56,0.08,0,"synthetic_invalid"
"1123",6,13.6631133084558,2.58496250072116,2.21563016154693,5.09705927028471,4.11842427687685,TRUE,0.566666666666667,0.1,0,"synthetic_invalid"
"1124",4,13.6631133084558,0,4.5543711028186,7.61871918909735,5.3315566542279,TRUE,0.55,0.15,0,"synthetic_invalid"
"1125",4,13.6631133084558,1,4.22103776948527,5.45424517192196,4.70759289750611,TRUE,0.35,0.2,0,"synthetic_invalid"
"1126",5,13.6631133084558,1,3.16577832711395,10.4931883070135,5.8315566542279,TRUE,0.8,0,0,"synthetic_invalid"
"1127",6,13.6631133084558,0,2.73262266169116,9.01925711868108,5.03907540386733,TRUE,0.766666666666667,0,0,"synthetic_invalid"
"1128",3,13.6631133084558,2.32192809488736,5.67059260678422,7.43462822763673,5.67059260678422,TRUE,0.4,0.0666666666666667,0,"synthetic_invalid"
"1129",4,13.6631133084558,2,3.88770443615194,6.07253459972295,5.17059260678422,TRUE,0.45,0.2,0,"synthetic_invalid"
"1130",5,13.6631133084558,1,3.16577832711395,5.53899199662662,5.10184084490925,TRUE,0.52,0.08,0,"synthetic_invalid"
"1131",4,13.6631133084558,0,4.5543711028186,7.12412131182919,6.3315566542279,TRUE,0.45,0.15,0,"synthetic_invalid"
"1132",4,13.6631133084558,1,4.22103776948527,6.97661278127259,4.63539794283852,TRUE,0.55,0.05,0,"synthetic_invalid"
"1133",5,13.6631133084558,0,3.41577832711395,8.57565046720547,5.17059260678422,TRUE,0.56,0,0,"synthetic_invalid"
"1134",5,13.6631133084558,0,3.41577832711395,4.48542682717024,3.4278791931991,TRUE,0.32,0.16,0,"synthetic_invalid"
"1135",4,13.6631133084558,0,4.5543711028186,4.95419631038687,4.9278791931991,TRUE,0.4,0.25,0,"synthetic_invalid"
"1136",5,13.6631133084558,0,3.41577832711395,5.26337591253225,4.60184084490925,TRUE,0.4,0.2,0,"synthetic_invalid"
"1137",6,13.6631133084558,1,2.53262266169116,6.38698890318157,4.18885554479678,TRUE,0.633333333333333,0.0666666666666667,0,"synthetic_invalid"
"1138",3,13.6631133084558,0,6.8315566542279,6.97661278127259,6.8315566542279,TRUE,0.666666666666667,0.0666666666666667,0,"synthetic_invalid"
"1139",4,13.6631133084558,0,4.5543711028186,5.63534468991921,4.78782523360273,TRUE,0.4,0.2,0,"synthetic_invalid"
"1140",4,13.6631133084558,0,4.5543711028186,7.70217268536555,5.8315566542279,TRUE,0.5,0.15,0,"synthetic_invalid"
"1141",5,13.6631133084558,2,2.91577832711395,4.90156207601133,4.3315566542279,TRUE,0.48,0,0,"synthetic_invalid"
"1142",3,13.6631133084558,1.58496250072116,6.03907540386732,8.17159382180293,6.03907540386732,TRUE,0.333333333333333,0.266666666666667,0,"synthetic_invalid"
"1143",4,13.6631133084558,0,4.5543711028186,5.53899199662662,4.53907540386732,TRUE,0.35,0.1,0,"synthetic_invalid"
"1144",4,13.6631133084558,1,4.22103776948527,6.58663132108178,5.24659415350675,TRUE,0.5,0.1,0,"synthetic_invalid"
"1145",5,13.6631133084558,0,3.41577832711395,8.30556130383772,6.03907540386732,TRUE,0.68,0.12,0,"synthetic_invalid"
"1146",4,13.6631133084558,1.58496250072116,4.02605026924488,4.90156207601133,4.48133679515736,TRUE,0.5,0.05,0,"synthetic_invalid"
"1147",3,13.6631133084558,1,6.3315566542279,8.75655632252409,6.3315566542279,TRUE,0.466666666666667,0.0666666666666667,0,"synthetic_invalid"
"1148",2,13.6631133084558,2.8073549220576,10.8557583863982,10.8557583863982,0,TRUE,0.7,0.1,0,"synthetic_invalid"
"1149",5,13.6631133084558,0,3.41577832711395,6.58996318177952,5.53907540386732,TRUE,0.4,0.24,0,"synthetic_invalid"
"1150",3,13.6631133084558,3.32192809488736,5.17059260678422,6.07253459972295,5.17059260678422,TRUE,0.4,0.266666666666667,0,"synthetic_invalid"
"1151",5,13.6631133084558,0,3.41577832711395,5.59165094589918,4.13539794283852,TRUE,0.44,0.08,0,"synthetic_invalid"
"1152",3,13.6631133084558,0,6.8315566542279,8.08214904135387,6.8315566542279,TRUE,0.4,0.2,0,"synthetic_invalid"
"1153",3,13.6631133084558,1,6.3315566542279,7.27079588567705,6.3315566542279,TRUE,0.6,0,0,"synthetic_invalid"
"1154",4,13.6631133084558,0,4.5543711028186,5.59165094589918,5.03907540386732,TRUE,0.5,0.2,0,"synthetic_invalid"
"1155",4,13.6631133084558,1,4.22103776948527,6.98109153744994,6.03907540386732,TRUE,0.45,0.3,0,"synthetic_invalid"
"1156",3,13.6631133084558,0,6.8315566542279,7.8557583863982,6.8315566542279,TRUE,0.466666666666667,0.2,0,"synthetic_invalid"
"1157",2,13.6631133084558,5,8.66311330845581,8.66311330845581,0,TRUE,0.6,0.2,0,"synthetic_invalid"
"1158",4,13.6631133084558,0,4.5543711028186,7.57565046720547,5.67059260678422,TRUE,0.65,0.05,0,"synthetic_invalid"
"1159",4,13.6631133084558,0,4.5543711028186,6.8557583863982,6.03907540386732,TRUE,0.4,0.4,0,"synthetic_invalid"
"1160",6,13.6631133084558,2,2.33262266169116,3.90655698593172,3.70759289750611,TRUE,0.566666666666667,0,0,"synthetic_invalid"
"1161",4,13.6631133084558,1,4.22103776948527,5.58629771140497,4.98133679515736,TRUE,0.5,0.2,0,"synthetic_invalid"
"1162",4,13.6631133084558,0,4.5543711028186,6.97661278127259,5.8315566542279,TRUE,0.6,0.05,0,"synthetic_invalid"
"1163",6,13.6631133084558,2.8073549220576,2.17115167727964,4.53224768392324,4.24659415350675,TRUE,0.533333333333333,0.0333333333333333,0,"synthetic_invalid"
"1164",4,13.6631133084558,0,4.5543711028186,8.10852445677817,6.03907540386732,TRUE,0.55,0.15,0,"synthetic_invalid"
"1165",3,13.6631133084558,0,6.8315566542279,9.57565046720547,6.8315566542279,TRUE,0.666666666666667,0.133333333333333,0,"synthetic_invalid"
"1166",5,13.6631133084558,1,3.16577832711395,5.33049010839079,4.63539794283852,TRUE,0.4,0.08,0,"synthetic_invalid"
"1167",6,13.6631133084558,0,2.73262266169116,7.75622271284729,5.67059260678422,TRUE,0.533333333333333,0.133333333333333,0,"synthetic_invalid"
"1168",5,13.6631133084558,0,3.41577832711395,5.53899199662662,4.87811135642364,TRUE,0.48,0.12,0,"synthetic_invalid"
"1169",3,13.6631133084558,1.58496250072116,6.03907540386732,7.3963267677609,6.03907540386732,TRUE,0.6,0.133333333333333,0,"synthetic_invalid"
"1170",3,13.6631133084558,4,4.8315566542279,6.56508122549528,4.8315566542279,TRUE,0.533333333333333,0.133333333333333,0,"synthetic_invalid"
"1171",3,13.6631133084558,0,6.8315566542279,7.8557583863982,6.8315566542279,TRUE,0.733333333333333,0,0,"synthetic_invalid"
"1172",4,13.6631133084558,0,4.5543711028186,7.12412131182919,6.3315566542279,TRUE,0.45,0.15,0,"synthetic_invalid"
"1173",4,13.6631133084558,0,4.5543711028186,5.94920140046648,4.9278791931991,TRUE,0.4,0.05,0,"synthetic_invalid"
"1174",5,13.6631133084558,0,3.41577832711395,5.69732902379372,5.53907540386732,TRUE,0.52,0.16,0,"synthetic_invalid"
"1175",6,13.6631133084558,2,2.33262266169116,7.73237597089292,4.74659415350675,TRUE,0.633333333333333,0.133333333333333,0,"synthetic_invalid"
"1176",5,13.6631133084558,0,3.41577832711395,4.58996318177952,4.53907540386732,TRUE,0.52,0.12,0,"synthetic_invalid"
"1177",3,13.6631133084558,0,6.8315566542279,9.39446269461032,6.8315566542279,TRUE,0.333333333333333,0.333333333333333,0,"synthetic_invalid"
"1178",5,13.6631133084558,0,3.41577832711395,7.78047025909396,5.10184084490925,TRUE,0.52,0.08,0,"synthetic_invalid"
"1179",5,13.6631133084558,0,3.41577832711395,5.30985526258679,4.63539794283852,TRUE,0.36,0.08,0,"synthetic_invalid"
"1180",3,13.6631133084558,1,6.3315566542279,7.07146236255662,6.3315566542279,TRUE,0.466666666666667,0.133333333333333,0,"synthetic_invalid"
"1181",3,13.6631133084558,0,6.8315566542279,11.6631133084558,6.8315566542279,TRUE,0.533333333333333,0.333333333333333,0,"synthetic_invalid"
"1182",4,13.6631133084558,1,4.22103776948527,5.09705927028471,4.50962855934054,TRUE,0.55,0.1,0,"synthetic_invalid"
"1183",6,13.6631133084558,2.58496250072116,2.21563016154693,5.09705927028471,4.11842427687685,TRUE,0.566666666666667,0.1,0,"synthetic_invalid"
"1184",4,13.6631133084558,1.58496250072116,4.02605026924488,5.11270013274936,4.50962855934054,TRUE,0.35,0.15,0,"synthetic_invalid"
"1185",5,13.6631133084558,1.58496250072116,3.01953770193366,7.55458885167764,5.67059260678422,TRUE,0.72,0.04,0,"synthetic_invalid"
"1186",4,13.6631133084558,0,4.5543711028186,5.99068796648431,4.70759289750611,TRUE,0.45,0.15,0,"synthetic_invalid"
"1187",4,13.6631133084558,1.58496250072116,4.02605026924488,6.8557583863982,5.8315566542279,TRUE,0.6,0.2,0,"synthetic_invalid"
"1188",5,13.6631133084558,0,3.41577832711395,6.49718654063271,6.03907540386732,TRUE,0.68,0.04,0,"synthetic_invalid"
"1189",4,13.6631133084558,0,4.5543711028186,6.17929753119155,4.63539794283852,TRUE,0.55,0.05,0,"synthetic_invalid"
"1190",4,13.6631133084558,1,4.22103776948527,6.7987417917529,6.03907540386732,TRUE,0.5,0.15,0,"synthetic_invalid"
"1191",5,13.6631133084558,0,3.41577832711395,5.59165094589918,4.13539794283852,TRUE,0.6,0.04,0,"synthetic_invalid"
"1192",4,13.6631133084558,0,4.5543711028186,5.58096426710194,5.10184084490925,TRUE,0.45,0.15,0,"synthetic_invalid"
"1193",4,13.6631133084558,0,4.5543711028186,5.58629771140497,4.67059260678422,TRUE,0.25,0.4,0,"synthetic_invalid"
"1194",4,13.6631133084558,0,4.5543711028186,5.43462822763672,4.67059260678422,TRUE,0.35,0.15,0,"synthetic_invalid"
"1195",3,13.6631133084558,0,6.8315566542279,11.0781508077346,6.8315566542279,TRUE,0.466666666666667,0.4,0,"synthetic_invalid"
"1196",5,13.6631133084558,0,3.41577832711395,9.07815080773465,5.53907540386732,TRUE,0.64,0.08,0,"synthetic_invalid"
"1197",3,13.6631133084558,3.70043971814109,4.98133679515736,5.58629771140497,4.98133679515736,TRUE,0.4,0.266666666666667,0,"synthetic_invalid"
"1198",5,13.6631133084558,1,3.16577832711395,7.75622271284729,5.8315566542279,TRUE,0.68,0.12,0,"synthetic_invalid"
"1199",4,13.6631133084558,1,4.22103776948527,7.17159382180293,5.53907540386732,TRUE,0.5,0.1,0,"synthetic_invalid"
"1200",3,13.6631133084558,1,6.3315566542279,11.0781508077346,6.3315566542279,TRUE,0.666666666666667,0.2,0,"synthetic_invalid"
"1201",5,13.6631133084558,1.58496250072116,3.01953770193366,7.3963267677609,4.50962855934054,TRUE,0.68,0,0,"synthetic_invalid"
"1202",4,13.6631133084558,0,4.5543711028186,5.99068796648431,5.53907540386732,TRUE,0.35,0.35,0,"synthetic_invalid"
"1203",6,13.6631133084558,1,2.53262266169116,7.55458885167764,5.67059260678422,TRUE,0.733333333333333,0.0333333333333333,0,"synthetic_invalid"
"1204",4,13.6631133084558,0,4.5543711028186,6.84293434604062,4.67059260678422,TRUE,0.4,0.2,0,"synthetic_invalid"
"1205",6,13.6631133084558,0,2.73262266169116,4.98606080904213,4.48133679515736,TRUE,0.533333333333333,0.0666666666666667,0,"synthetic_invalid"
"1206",4,13.6631133084558,1,4.22103776948527,4.70043971814109,3.98133679515736,TRUE,0.35,0,0,"synthetic_invalid"
"1207",3,13.6631133084558,1.58496250072116,6.03907540386732,9.41518579501222,6.03907540386732,TRUE,0.8,0,0,"synthetic_invalid"
"1208",6,13.6631133084558,0,2.73262266169116,6.97661278127259,4.53907540386732,TRUE,0.566666666666667,0.0333333333333333,0,"synthetic_invalid"
"1209",6,13.6631133084558,2.58496250072116,2.21563016154693,5.58096426710194,4.8315566542279,TRUE,0.566666666666667,0.0333333333333333,0,"synthetic_invalid"
"1210",4,13.6631133084558,1.58496250072116,4.02605026924488,7.75622271284729,5.4278791931991,TRUE,0.55,0.15,0,"synthetic_invalid"
"1211",4,13.6631133084558,0,4.5543711028186,7.13955135239879,6.03907540386732,TRUE,0.6,0.1,0,"synthetic_invalid"
"1212",4,13.6631133084558,3.32192809488736,3.44706173785615,4.90156207601133,4.20759289750611,TRUE,0.4,0.15,0,"synthetic_invalid"
"1213",4,13.6631133084558,0,4.5543711028186,7.08214904135387,6.3315566542279,TRUE,0.5,0.15,0,"synthetic_invalid"
"1214",5,13.6631133084558,1,3.16577832711395,9.01925711868108,5.03907540386733,TRUE,0.76,0,0,"synthetic_invalid"
"1215",5,13.6631133084558,1,3.16577832711395,10.4931883070135,5.8315566542279,TRUE,0.8,0,0,"synthetic_invalid"
"1216",4,13.6631133084558,1.58496250072116,4.02605026924488,7.36457243229586,5.67059260678422,TRUE,0.45,0.15,0,"synthetic_invalid"
"1217",4,13.6631133084558,1,4.22103776948527,5.94920140046648,4.9278791931991,TRUE,0.35,0.15,0,"synthetic_invalid"
"1218",3,13.6631133084558,1,6.3315566542279,8.75655632252409,6.3315566542279,TRUE,0.466666666666667,0,0,"synthetic_invalid"
"1219",3,13.6631133084558,0,6.8315566542279,8.38370429247405,6.8315566542279,TRUE,0.466666666666667,0.2,0,"synthetic_invalid"
"1220",4,13.6631133084558,0,4.5543711028186,5.76022094646651,5.67059260678422,TRUE,0.4,0.2,0,"synthetic_invalid"
"1221",6,13.6631133084558,1,2.53262266169116,5.36423889974533,4.63539794283852,TRUE,0.433333333333333,0.0333333333333333,0,"synthetic_invalid"
"1222",4,13.6631133084558,0,4.5543711028186,5.36423889974533,4.63539794283852,TRUE,0.35,0.1,0,"synthetic_invalid"
"1223",6,13.6631133084558,1,2.53262266169116,4.90156207601133,4.74659415350675,TRUE,0.6,0.0333333333333333,0,"synthetic_invalid"
"1224",5,13.6631133084558,0,3.41577832711395,5.09705927028471,4.20759289750611,TRUE,0.28,0.4,0,"synthetic_invalid"
"1225",4,13.6631133084558,0,4.5543711028186,6.7927485888724,6.3315566542279,TRUE,0.6,0,0,"synthetic_invalid"
"1226",3,13.6631133084558,0,6.8315566542279,10.0781508077346,6.8315566542279,TRUE,0.6,0.2,0,"synthetic_invalid"
"1227",2,13.6631133084558,2,11.6631133084558,11.6631133084558,0,TRUE,0.6,0.4,0,"synthetic_invalid"
"1228",4,13.6631133084558,0,4.5543711028186,7.27079588567705,5.8315566542279,TRUE,0.65,0,0,"synthetic_invalid"
"1229",3,13.6631133084558,2.8073549220576,5.4278791931991,6.94920140046648,5.4278791931991,TRUE,0.333333333333333,0.2,0,"synthetic_invalid"
"1230",3,13.6631133084558,0,6.8315566542279,8.49318830701349,6.8315566542279,TRUE,0.533333333333333,0.133333333333333,0,"synthetic_invalid"
"1231",3,13.6631133084558,3.70043971814109,4.98133679515736,5.58629771140497,4.98133679515736,TRUE,0.4,0.266666666666667,0,"synthetic_invalid"
"1232",5,13.6631133084558,0,3.41577832711395,4.90156207601133,4.20759289750611,TRUE,0.36,0.2,0,"synthetic_invalid"
"1233",4,13.6631133084558,1.58496250072116,4.02605026924488,7.90822580629234,4.9278791931991,TRUE,0.65,0.1,0,"synthetic_invalid"
"1234",4,13.6631133084558,0,4.5543711028186,5.53899199662662,5.03907540386732,TRUE,0.45,0.15,0,"synthetic_invalid"
"1235",4,13.6631133084558,0,4.5543711028186,7.8557583863982,6.03907540386732,TRUE,0.65,0.05,0,"synthetic_invalid"
"1236",4,13.6631133084558,0,4.5543711028186,6.84293434604062,4.67059260678422,TRUE,0.45,0.15,0,"synthetic_invalid"
"1237",4,13.6631133084558,0,4.5543711028186,8.13955135239879,5.3315566542279,TRUE,0.7,0,0,"synthetic_invalid"
"1238",3,13.6631133084558,0,6.8315566542279,8.41518579501222,6.8315566542279,TRUE,0.6,0.133333333333333,0,"synthetic_invalid"
"1239",4,13.6631133084558,0,4.5543711028186,8.13955135239879,6.03907540386733,TRUE,0.6,0.1,0,"synthetic_invalid"
"1240",5,13.6631133084558,0,3.41577832711395,5.58629771140497,4.67059260678422,TRUE,0.44,0.24,0,"synthetic_invalid"
"1241",3,13.6631133084558,1,6.3315566542279,10.0781508077346,6.3315566542279,TRUE,0.666666666666667,0.133333333333333,0,"synthetic_invalid"
"1242",5,13.6631133084558,1,3.16577832711395,4.48542682717024,3.4278791931991,TRUE,0.52,0.04,0,"synthetic_invalid"
"1243",4,13.6631133084558,0,4.5543711028186,6.27940901598175,4.53907540386732,TRUE,0.5,0.15,0,"synthetic_invalid"
"1244",3,13.6631133084558,0,6.8315566542279,7.43429461795993,6.8315566542279,TRUE,0.6,0.2,0,"synthetic_invalid"
"1245",5,13.6631133084558,0,3.41577832711395,6.29712470388679,5.10184084490925,TRUE,0.56,0.04,0,"synthetic_invalid"
"1246",6,13.6631133084558,1.58496250072116,2.41563016154693,7.41518579501222,5.53907540386732,TRUE,0.766666666666667,0,0,"synthetic_invalid"
"1247",3,13.6631133084558,1.58496250072116,6.03907540386732,6.7927485888724,6.03907540386732,TRUE,0.533333333333333,0,0,"synthetic_invalid"
"1248",3,13.6631133084558,0,6.8315566542279,6.97661278127259,6.8315566542279,TRUE,0.6,0.0666666666666667,0,"synthetic_invalid"
"1249",4,13.6631133084558,0,4.5543711028186,8.70891699806893,6.03907540386732,TRUE,0.55,0.25,0,"synthetic_invalid"
"1250",3,13.6631133084558,2,5.8315566542279,10.4931883070135,5.8315566542279,TRUE,0.8,0,0,"synthetic_invalid"
"1251",5,13.6631133084558,0,3.41577832711395,7.3963267677609,4.50962855934054,TRUE,0.6,0,0,"synthetic_invalid"
"1252",6,13.6631133084558,2,2.33262266169116,5.27940901598175,4.5697756761994,TRUE,0.566666666666667,0.133333333333333,0,"synthetic_invalid"
"1253",4,13.6631133084558,0,4.5543711028186,7.75622271284729,5.4278791931991,TRUE,0.55,0.2,0,"synthetic_invalid"
"1254",4,13.6631133084558,0,4.5543711028186,6.24526079356991,5.3315566542279,TRUE,0.35,0.4,0,"synthetic_invalid"
"1255",4,13.6631133084558,0,4.5543711028186,7.27079588567705,4.87811135642364,TRUE,0.55,0,0,"synthetic_invalid"
"1256",5,13.6631133084558,0,3.41577832711395,8.49318830701349,5.67059260678422,TRUE,0.56,0.04,0,"synthetic_invalid"
"1257",3,13.6631133084558,0,6.8315566542279,9.57565046720547,6.8315566542279,TRUE,0.6,0.133333333333333,0,"synthetic_invalid"
"1258",4,13.6631133084558,0,4.5543711028186,6.00173296722446,4.98133679515736,TRUE,0.5,0.05,0,"synthetic_invalid"
"1259",4,13.6631133084558,0,4.5543711028186,5.63534468991921,4.78782523360273,TRUE,0.4,0.15,0,"synthetic_invalid"
"1260",3,13.6631133084558,0,6.8315566542279,9.39446269461032,6.8315566542279,TRUE,0.333333333333333,0.333333333333333,0,"synthetic_invalid"
"1261",5,13.6631133084558,0,3.41577832711395,5.61470984411521,4.78782523360273,TRUE,0.48,0.08,0,"synthetic_invalid"
"1262",3,13.6631133084558,4.08746284125034,4.78782523360273,6.17929753119155,4.78782523360273,TRUE,0.466666666666667,0.0666666666666667,0,"synthetic_invalid"
"1263",3,13.6631133084558,0,6.8315566542279,9.72280753116955,6.8315566542279,TRUE,0.4,0.266666666666667,0,"synthetic_invalid"
"1264",4,13.6631133084558,0,4.5543711028186,5.24792751344359,4.20759289750611,TRUE,0.55,0.05,0,"synthetic_invalid"
"1265",4,13.6631133084558,0,4.5543711028186,7.13955135239879,6.03907540386732,TRUE,0.5,0.15,0,"synthetic_invalid"
"1266",4,13.6631133084558,1.58496250072116,4.02605026924488,6.70217268536555,5.3315566542279,TRUE,0.5,0.1,0,"synthetic_invalid"
"1267",5,13.6631133084558,0,3.41577832711395,5.43462822763672,4.67059260678422,TRUE,0.4,0.16,0,"synthetic_invalid"
"1268",3,13.6631133084558,2,5.8315566542279,7.75622271284729,5.8315566542279,TRUE,0.6,0.2,0,"synthetic_invalid"
"1269",5,13.6631133084558,0,3.41577832711395,6.56508122549528,4.87811135642364,TRUE,0.52,0.08,0,"synthetic_invalid"
"1270",4,13.6631133084558,0,4.5543711028186,5.24792751344359,4.20759289750611,TRUE,0.4,0.2,0,"synthetic_invalid"
"1271",4,13.6631133084558,3.16992500144231,3.49772943567116,5.99777739127063,4.70759289750611,TRUE,0.55,0.1,0,"synthetic_invalid"
"1272",6,13.6631133084558,0,2.73262266169116,5.58663132108178,4.74659415350675,TRUE,0.5,0.0666666666666667,0,"synthetic_invalid"
"1273",2,13.6631133084558,6.52356195605701,7.13955135239879,7.13955135239879,0,TRUE,0.6,0.1,0,"synthetic_invalid"
"1274",4,13.6631133084558,0,4.5543711028186,4.94920140046648,4.4278791931991,TRUE,0.45,0.1,0,"synthetic_invalid"
"1275",6,13.6631133084558,2.32192809488736,2.26823704271369,5.99068796648431,4.70759289750611,TRUE,0.5,0.1,0,"synthetic_invalid"
"1276",4,13.6631133084558,0,4.5543711028186,7.38024459047819,5.67059260678422,TRUE,0.45,0.2,0,"synthetic_invalid"
"1277",5,13.6631133084558,0,3.41577832711395,9.96267359031471,5.8315566542279,TRUE,0.64,0.04,0,"synthetic_invalid"
"1278",3,13.6631133084558,0,6.8315566542279,12.6631133084558,6.8315566542279,TRUE,0.666666666666667,0.2,0,"synthetic_invalid"
"1279",3,13.6631133084558,0,6.8315566542279,9.57565046720547,6.8315566542279,TRUE,0.8,0,0,"synthetic_invalid"
"1280",3,13.6631133084558,1,6.3315566542279,7.38370429247405,6.3315566542279,TRUE,0.466666666666667,0.2,0,"synthetic_invalid"
"1281",5,13.6631133084558,1,3.16577832711395,6.56605403817109,5.8315566542279,TRUE,0.6,0.16,0,"synthetic_invalid"
"1282",5,13.6631133084558,1.58496250072116,3.01953770193366,5.59165094589918,4.13539794283852,TRUE,0.52,0.04,0,"synthetic_invalid"
"1283",4,13.6631133084558,0,4.5543711028186,6.84293434604062,4.87811135642364,TRUE,0.55,0.15,0,"synthetic_invalid"
"1284",5,13.6631133084558,0,3.41577832711395,6.56508122549528,4.4278791931991,TRUE,0.48,0.08,0,"synthetic_invalid"
"1285",4,13.6631133084558,0,4.5543711028186,6.75655632252409,5.3315566542279,TRUE,0.4,0.15,0,"synthetic_invalid"
"1286",6,13.6631133084558,0,2.73262266169116,5.99777739127063,5.53907540386732,TRUE,0.666666666666667,0.0333333333333333,0,"synthetic_invalid"
"1287",5,13.6631133084558,0,3.41577832711395,8.57565046720547,5.17059260678422,TRUE,0.56,0,0,"synthetic_invalid"
"1288",5,13.6631133084558,0,3.41577832711395,4.10809768705434,4.0242017321703,TRUE,0.36,0.12,0,"synthetic_invalid"
"1289",4,13.6631133084558,0,4.5543711028186,5.64385618977472,4.00962855934054,TRUE,0.45,0.15,0,"synthetic_invalid"
"1290",3,13.6631133084558,1.58496250072116,6.03907540386732,7.99068796648431,6.03907540386732,TRUE,0.333333333333333,0.466666666666667,0,"synthetic_invalid"
"1291",4,13.6631133084558,1,4.22103776948527,5.58629771140497,4.4278791931991,TRUE,0.35,0.3,0,"synthetic_invalid"
"1292",4,13.6631133084558,0,4.5543711028186,7.90822580629234,5.4278791931991,TRUE,0.55,0.2,0,"synthetic_invalid"
"1293",3,13.6631133084558,0,6.8315566542279,7.41518579501222,6.8315566542279,TRUE,0.666666666666667,0,0,"synthetic_invalid"
"1294",4,13.6631133084558,0,4.5543711028186,5.12928301694497,4.26691514575542,TRUE,0.35,0.15,0,"synthetic_invalid"
"1295",3,13.6631133084558,0,6.8315566542279,6.8703647195834,6.8315566542279,TRUE,0.666666666666667,0,0,"synthetic_invalid"
"1296",3,13.6631133084558,0,6.8315566542279,6.8703647195834,6.8315566542279,TRUE,0.666666666666667,0,0,"synthetic_invalid"
"1297",3,13.6631133084558,3.32192809488736,5.17059260678422,6.38024459047819,5.17059260678422,TRUE,0.533333333333333,0.0666666666666667,0,"synthetic_invalid"
"1298",4,13.6631133084558,0,4.5543711028186,6.17929753119155,4.78782523360273,TRUE,0.5,0.05,0,"synthetic_invalid"
"1299",5,13.6631133084558,0,3.41577832711395,5.58629771140497,4.67059260678422,TRUE,0.4,0.28,0,"synthetic_invalid"
"1300",4,13.6631133084558,0,4.5543711028186,5.63534468991921,4.78782523360273,TRUE,0.4,0.15,0,"synthetic_invalid"
"1301",3,13.6631133084558,0,6.8315566542279,7.96578428466209,6.8315566542279,TRUE,0.466666666666667,0.266666666666667,0,"synthetic_invalid"
"1302",4,13.6631133084558,1,4.22103776948527,6.24526079356991,5.24659415350675,TRUE,0.35,0.3,0,"synthetic_invalid"
"1303",4,13.6631133084558,0,4.5543711028186,5.70217268536555,4.8315566542279,TRUE,0.35,0.3,0,"synthetic_invalid"
"1304",5,13.6631133084558,1,3.16577832711395,9.75622271284729,5.8315566542279,TRUE,0.8,0,0,"synthetic_invalid"
"1305",3,13.6631133084558,0,6.8315566542279,11.6631133084558,6.8315566542279,TRUE,0.533333333333333,0.333333333333333,0,"synthetic_invalid"
"1306",4,13.6631133084558,2.58496250072116,3.69271693591155,6.8557583863982,4.50962855934054,TRUE,0.35,0.35,0,"synthetic_invalid"
"1307",3,13.6631133084558,1,6.3315566542279,6.6724253419715,6.3315566542279,TRUE,0.533333333333333,0.133333333333333,0,"synthetic_invalid"
"1308",4,13.6631133084558,0,4.5543711028186,6.94920140046648,5.4278791931991,TRUE,0.4,0.15,0,"synthetic_invalid"
"1309",4,13.6631133084558,0,4.5543711028186,6.8557583863982,5.67059260678422,TRUE,0.4,0.3,0,"synthetic_invalid"
"1310",5,13.6631133084558,0,3.41577832711395,5.99777739127063,5.17059260678422,TRUE,0.6,0.08,0,"synthetic_invalid"
"1311",4,13.6631133084558,1,4.22103776948527,4.49185309632967,4.08563010606307,TRUE,0.45,0.05,0,"synthetic_invalid"
"1312",3,13.6631133084558,0,6.8315566542279,8.66311330845581,6.8315566542279,TRUE,0.533333333333333,0.266666666666667,0,"synthetic_invalid"
"1313",5,13.6631133084558,0,3.41577832711395,5.69732902379372,5.53907540386732,TRUE,0.52,0.16,0,"synthetic_invalid"
"1314",4,13.6631133084558,0,4.5543711028186,7.78047025909396,6.3315566542279,TRUE,0.65,0.1,0,"synthetic_invalid"
"1315",5,13.6631133084558,0,3.41577832711395,8.57565046720547,5.17059260678422,TRUE,0.6,0,0,"synthetic_invalid"
"1316",3,13.6631133084558,3.32192809488736,5.17059260678422,6.27940901598175,5.17059260678422,TRUE,0.466666666666667,0.2,0,"synthetic_invalid"
"1317",3,13.6631133084558,0,6.8315566542279,7.55458885167764,6.8315566542279,TRUE,0.466666666666667,0.266666666666667,0,"synthetic_invalid"
"1318",4,13.6631133084558,0,4.5543711028186,5.58096426710194,5.53907540386732,TRUE,0.45,0.2,0,"synthetic_invalid"
"1319",4,13.6631133084558,0,4.5543711028186,6.20945336562895,3.72682997141343,TRUE,0.45,0.15,0,"synthetic_invalid"
"1320",6,13.6631133084558,1,2.53262266169116,9.41518579501222,5.17059260678422,TRUE,0.733333333333333,0,0,"synthetic_invalid"
"1321",4,13.6631133084558,0,4.5543711028186,5.58096426710194,4.48133679515736,TRUE,0.4,0.15,0,"synthetic_invalid"
"1322",6,13.6631133084558,1,2.53262266169116,5.53899199662662,4.9278791931991,TRUE,0.633333333333333,0.0333333333333333,0,"synthetic_invalid"
"1323",4,13.6631133084558,0,4.5543711028186,5.99068796648431,4.70759289750611,TRUE,0.4,0.2,0,"synthetic_invalid"
"1324",4,13.6631133084558,0,4.5543711028186,5.63534468991921,4.78782523360273,TRUE,0.45,0.1,0,"synthetic_invalid"
"1325",5,13.6631133084558,0,3.41577832711395,5.63534468991921,4.78782523360273,TRUE,0.48,0.08,0,"synthetic_invalid"
"1326",3,13.6631133084558,2.32192809488736,5.67059260678422,7.75622271284729,5.67059260678422,TRUE,0.466666666666667,0.266666666666667,0,"synthetic_invalid"
"1327",3,13.6631133084558,3,5.3315566542279,6.72280753116955,5.3315566542279,TRUE,0.4,0.133333333333333,0,"synthetic_invalid"
"1328",5,13.6631133084558,0,3.41577832711395,6.27940901598175,4.87811135642364,TRUE,0.52,0.12,0,"synthetic_invalid"
"1329",4,13.6631133084558,0,4.5543711028186,7.61871918909735,5.67059260678422,TRUE,0.5,0.2,0,"synthetic_invalid"
"1330",4,13.6631133084558,1.58496250072116,4.02605026924488,5.59165094589918,4.63539794283852,TRUE,0.45,0,0,"synthetic_invalid"
"1331",5,13.6631133084558,0,3.41577832711395,5.58629771140497,4.87811135642364,TRUE,0.56,0.08,0,"synthetic_invalid"
"1332",4,13.6631133084558,1.58496250072116,4.02605026924488,9.01925711868108,5.03907540386733,TRUE,0.75,0,0,"synthetic_invalid"
"1333",4,13.6631133084558,0,4.5543711028186,5.76022094646651,5.67059260678422,TRUE,0.45,0.2,0,"synthetic_invalid"
"1334",5,13.6631133084558,0,3.41577832711395,5.91492045886635,5.24659415350675,TRUE,0.52,0.12,0,"synthetic_invalid"
"1335",3,13.6631133084558,5,4.3315566542279,4.72280753116955,4.3315566542279,TRUE,0.333333333333333,0.2,0,"synthetic_invalid"
"1336",5,13.6631133084558,0,3.41577832711395,6.56508122549528,4.4278791931991,TRUE,0.48,0.08,0,"synthetic_invalid"
"1337",5,13.6631133084558,1,3.16577832711395,5.59165094589918,4.13539794283852,TRUE,0.44,0.04,0,"synthetic_invalid"
"1338",5,13.6631133084558,0,3.41577832711395,5.61470984411521,4.78782523360273,TRUE,0.48,0.08,0,"synthetic_invalid"
"1339",4,13.6631133084558,0,4.5543711028186,8.75655632252409,6.3315566542279,TRUE,0.35,0.2,0,"synthetic_invalid"
"1340",3,13.6631133084558,0,6.8315566542279,11.0781508077346,6.8315566542279,TRUE,0.466666666666667,0.4,0,"synthetic_invalid"
"1341",5,13.6631133084558,0,3.41577832711395,5.43462822763672,4.67059260678422,TRUE,0.4,0.16,0,"synthetic_invalid"
"1342",4,13.6631133084558,0,4.5543711028186,8.70217268536555,6.3315566542279,TRUE,0.55,0.1,0,"synthetic_invalid"
"1343",3,13.6631133084558,0,6.8315566542279,9.75655632252409,6.8315566542279,TRUE,0.466666666666667,0.133333333333333,0,"synthetic_invalid"
"1344",4,13.6631133084558,0,4.5543711028186,8.53383029151084,6.03907540386732,TRUE,0.55,0.15,0,"synthetic_invalid"
"1345",4,13.6631133084558,0,4.5543711028186,5,4.3315566542279,TRUE,0.55,0,0,"synthetic_invalid"
"1346",4,13.6631133084558,1,4.22103776948527,5.59165094589918,4.13539794283852,TRUE,0.45,0.1,0,"synthetic_invalid"
"1347",5,13.6631133084558,2,2.91577832711395,5.53899199662662,5.03907540386732,TRUE,0.6,0.04,0,"synthetic_invalid"
"1348",4,13.6631133084558,0,4.5543711028186,4.94920140046648,4.4278791931991,TRUE,0.45,0.1,0,"synthetic_invalid"
"1349",4,13.6631133084558,0,4.5543711028186,4.94920140046648,4.4278791931991,TRUE,0.3,0.2,0,"synthetic_invalid"
"1350",3,13.6631133084558,1,6.3315566542279,7.27079588567705,6.3315566542279,TRUE,0.6,0,0,"synthetic_invalid"
"1351",4,13.6631133084558,0,4.5543711028186,6.84293434604062,4.67059260678422,TRUE,0.4,0.2,0,"synthetic_invalid"
"1352",4,13.6631133084558,2.32192809488736,3.78039507118948,6.17929753119155,5.4278791931991,TRUE,0.6,0.05,0,"synthetic_invalid"
"1353",3,13.6631133084558,1,6.3315566542279,9.96267359031471,6.3315566542279,TRUE,0.733333333333333,0.0666666666666667,0,"synthetic_invalid"
"1354",4,13.6631133084558,0,4.5543711028186,9.96267359031471,6.3315566542279,TRUE,0.6,0.1,0,"synthetic_invalid"
"1355",6,13.6631133084558,0,2.73262266169116,9.07815080773465,5.53907540386732,TRUE,0.6,0.0666666666666667,0,"synthetic_invalid"
"1356",5,13.6631133084558,0,3.41577832711395,6.38698890318157,5.4278791931991,TRUE,0.44,0.12,0,"synthetic_invalid"
"1357",6,13.6631133084558,1,2.53262266169116,4.57288966842058,4.26691514575542,TRUE,0.533333333333333,0.166666666666667,0,"synthetic_invalid"
"1358",6,13.6631133084558,1.58496250072116,2.41563016154693,5.69732902379372,5.53907540386732,TRUE,0.6,0.133333333333333,0,"synthetic_invalid"
"1359",5,13.6631133084558,0,3.41577832711395,6.97661278127259,5.8315566542279,TRUE,0.64,0.12,0,"synthetic_invalid"
"1360",3,13.6631133084558,2.32192809488736,5.67059260678422,5.74953426766926,5.67059260678422,TRUE,0.466666666666667,0.133333333333333,0,"synthetic_invalid"
"1361",5,13.6631133084558,0,3.41577832711395,5.53899199662662,4.74659415350675,TRUE,0.52,0.08,0,"synthetic_invalid"
"1362",5,13.6631133084558,0,3.41577832711395,5.59165094589918,5.03907540386732,TRUE,0.6,0.08,0,"synthetic_invalid"
"1363",5,13.6631133084558,0,3.41577832711395,8.57565046720547,6.03907540386732,TRUE,0.72,0.08,0,"synthetic_invalid"
"1364",4,13.6631133084558,0,4.5543711028186,6.72280753116955,5.3315566542279,TRUE,0.6,0.05,0,"synthetic_invalid"
"1365",3,13.6631133084558,0,6.8315566542279,7.27079588567705,6.8315566542279,TRUE,0.666666666666667,0,0,"synthetic_invalid"
"1366",3,13.6631133084558,2,5.8315566542279,7.57565046720547,5.8315566542279,TRUE,0.466666666666667,0.266666666666667,0,"synthetic_invalid"
"1367",4,13.6631133084558,0,4.5543711028186,7.38370429247405,6.3315566542279,TRUE,0.65,0.1,0,"synthetic_invalid"
"1368",5,13.6631133084558,0,3.41577832711395,7.72280753116955,5.8315566542279,TRUE,0.52,0.08,0,"synthetic_invalid"
"1369",5,13.6631133084558,0,3.41577832711395,6.84293434604062,4.67059260678422,TRUE,0.44,0.12,0,"synthetic_invalid"
"1370",4,13.6631133084558,0,4.5543711028186,8.72280753116955,6.3315566542279,TRUE,0.45,0.2,0,"synthetic_invalid"
"1371",5,13.6631133084558,0,3.41577832711395,7.27079588567705,5.8315566542279,TRUE,0.6,0,0,"synthetic_invalid"
"1372",4,13.6631133084558,1.58496250072116,4.02605026924488,6.07681559705083,5.8315566542279,TRUE,0.5,0.2,0,"synthetic_invalid"
"1373",4,13.6631133084558,0,4.5543711028186,8.10852445677817,5.53907540386732,TRUE,0.45,0.25,0,"synthetic_invalid"
"1374",4,13.6631133084558,0,4.5543711028186,6.17929753119155,4.78782523360273,TRUE,0.45,0.1,0,"synthetic_invalid"
"1375",3,13.6631133084558,1.58496250072116,6.03907540386732,8.23684855375371,6.03907540386732,TRUE,0.533333333333333,0.133333333333333,0,"synthetic_invalid"
"1376",5,13.6631133084558,0,3.41577832711395,5.58629771140497,5.4278791931991,TRUE,0.48,0.16,0,"synthetic_invalid"
"1377",4,13.6631133084558,0,4.5543711028186,5.27940901598175,4.37811135642364,TRUE,0.4,0.25,0,"synthetic_invalid"
"1378",3,13.6631133084558,0,6.8315566542279,8.34118521356844,6.8315566542279,TRUE,0.6,0.2,0,"synthetic_invalid"
"1379",3,13.6631133084558,2.8073549220576,5.4278791931991,5.69732902379372,5.4278791931991,TRUE,0.333333333333333,0.333333333333333,0,"synthetic_invalid"
"1380",4,13.6631133084558,0,4.5543711028186,6.56508122549528,4.8315566542279,TRUE,0.55,0.15,0,"synthetic_invalid"
"1381",4,13.6631133084558,0,4.5543711028186,6.27940901598175,4.53907540386732,TRUE,0.55,0.1,0,"synthetic_invalid"
"1382",3,13.6631133084558,0,6.8315566542279,7.22881869049588,6.8315566542279,TRUE,0.4,0.466666666666667,0,"synthetic_invalid"
"1383",4,13.6631133084558,1.58496250072116,4.02605026924488,4.90156207601133,3.98133679515736,TRUE,0.4,0.1,0,"synthetic_invalid"
"1384",3,13.6631133084558,2.32192809488736,5.67059260678422,5.75488750216347,5.67059260678422,TRUE,0.6,0.133333333333333,0,"synthetic_invalid"
"1385",6,13.6631133084558,0,2.73262266169116,6.27940901598175,5.24659415350675,TRUE,0.7,0.0333333333333333,0,"synthetic_invalid"
"1386",3,13.6631133084558,1.58496250072116,6.03907540386732,10.4931883070135,6.03907540386732,TRUE,0.666666666666667,0.0666666666666667,0,"synthetic_invalid"
"1387",3,13.6631133084558,2.32192809488736,5.67059260678422,7.43462822763673,5.67059260678422,TRUE,0.4,0.0666666666666667,0,"synthetic_invalid"
"1388",4,13.6631133084558,0,4.5543711028186,6.17159382180293,5.03907540386732,TRUE,0.3,0.2,0,"synthetic_invalid"
"1389",4,13.6631133084558,1,4.22103776948527,7.43462822763673,5.67059260678422,TRUE,0.45,0.15,0,"synthetic_invalid"
"1390",3,13.6631133084558,0,6.8315566542279,9.57565046720547,6.8315566542279,TRUE,0.8,0,0,"synthetic_invalid"
"1391",5,13.6631133084558,0,3.41577832711395,4.52356195605701,3.72682997141343,TRUE,0.44,0.12,0,"synthetic_invalid"
"1392",5,13.6631133084558,0,3.41577832711395,6.27940901598175,4.87811135642364,TRUE,0.52,0.12,0,"synthetic_invalid"
"1393",3,13.6631133084558,6.8073549220576,3.4278791931991,3.94030577728626,3.4278791931991,TRUE,0.4,0.0666666666666667,0,"synthetic_invalid"
"1394",4,13.6631133084558,0,4.5543711028186,5.58629771140497,5.17059260678422,TRUE,0.35,0.3,0,"synthetic_invalid"
"1395",5,13.6631133084558,0,3.41577832711395,6.7927485888724,6.03907540386732,TRUE,0.72,0,0,"synthetic_invalid"
"1396",6,13.6631133084558,2.8073549220576,2.17115167727964,4.53224768392324,4.24659415350675,TRUE,0.566666666666667,0.0333333333333333,0,"synthetic_invalid"
"1397",5,13.6631133084558,0,3.41577832711395,6.72280753116955,5.3315566542279,TRUE,0.56,0.08,0,"synthetic_invalid"
"1398",3,13.6631133084558,0,6.8315566542279,9.75655632252409,6.8315566542279,TRUE,0.4,0.133333333333333,0,"synthetic_invalid"
"1399",3,13.6631133084558,1,6.3315566542279,7.41518579501222,6.3315566542279,TRUE,0.666666666666667,0.0666666666666667,0,"synthetic_invalid"
"1400",6,13.6631133084558,0,2.73262266169116,6.27940901598175,5.24659415350675,TRUE,0.7,0.0333333333333333,0,"synthetic_invalid"
"1401",5,13.6631133084558,0,3.41577832711395,6.84293434604062,4.87811135642364,TRUE,0.52,0.16,0,"synthetic_invalid"
"1402",5,13.6631133084558,1,3.16577832711395,5.58663132108178,4.74659415350675,TRUE,0.44,0.08,0,"synthetic_invalid"
"1403",3,13.6631133084558,1.58496250072116,6.03907540386732,10.4931883070135,6.03907540386732,TRUE,0.666666666666667,0.0666666666666667,0,"synthetic_invalid"
"1404",5,13.6631133084558,1,3.16577832711395,5.72280753116955,4.8315566542279,TRUE,0.56,0.12,0,"synthetic_invalid"
"1405",4,13.6631133084558,0,4.5543711028186,7.90822580629234,5.4278791931991,TRUE,0.55,0.2,0,"synthetic_invalid"
"1406",6,13.6631133084558,0,2.73262266169116,5.27940901598175,4.70759289750611,TRUE,0.5,0.133333333333333,0,"synthetic_invalid"
"1407",4,13.6631133084558,1,4.22103776948527,6.7927485888724,6.03907540386732,TRUE,0.7,0,0,"synthetic_invalid"
"1408",3,13.6631133084558,4.16992500144231,4.74659415350675,5.53224768392324,4.74659415350675,TRUE,0.4,0.133333333333333,0,"synthetic_invalid"
"1409",5,13.6631133084558,0,3.41577832711395,6.17929753119155,4.53907540386732,TRUE,0.36,0.12,0,"synthetic_invalid"
"1410",4,13.6631133084558,0,4.5543711028186,5.45424517192196,4.70759289750611,TRUE,0.4,0.2,0,"synthetic_invalid"
"1411",4,13.6631133084558,2,3.88770443615194,5.94920140046648,4.9278791931991,TRUE,0.4,0.05,0,"synthetic_invalid"
"1412",4,13.6631133084558,0,4.5543711028186,8.57565046720547,5.17059260678422,TRUE,0.65,0,0,"synthetic_invalid"
"1413",4,13.6631133084558,2,3.88770443615194,5.94920140046648,4.9278791931991,TRUE,0.4,0.05,0,"synthetic_invalid"
"1414",3,13.6631133084558,3.4594316186373,5.10184084490925,5.53899199662662,5.10184084490925,TRUE,0.4,0.133333333333333,0,"synthetic_invalid"
"1415",5,13.6631133084558,2,2.91577832711395,4,3.4278791931991,TRUE,0.52,0.04,0,"synthetic_invalid"
"1416",5,13.6631133084558,2.8073549220576,2.71393959659955,5.53899199662662,5.24659415350675,TRUE,0.68,0.04,0,"synthetic_invalid"
"1417",5,13.6631133084558,0,3.41577832711395,4.05831649559082,4.00962855934054,TRUE,0.28,0.24,0,"synthetic_invalid"
"1418",4,13.6631133084558,0,4.5543711028186,7.61871918909735,5.67059260678422,TRUE,0.5,0.2,0,"synthetic_invalid"
"1419",3,13.6631133084558,0,6.8315566542279,8.76155123244448,6.8315566542279,TRUE,0.6,0.0666666666666667,0,"synthetic_invalid"
"1420",4,13.6631133084558,1.58496250072116,4.02605026924488,6.43429461795993,5.67059260678422,TRUE,0.45,0.35,0,"synthetic_invalid"
"1421",5,13.6631133084558,1,3.16577832711395,5.72280753116955,4.8315566542279,TRUE,0.56,0.12,0,"synthetic_invalid"
"1422",3,13.6631133084558,3.8073549220576,4.9278791931991,5.58710777255271,4.9278791931991,TRUE,0.4,0.2,0,"synthetic_invalid"
"1423",3,13.6631133084558,1,6.3315566542279,7.08214904135387,6.3315566542279,TRUE,0.333333333333333,0.2,0,"synthetic_invalid"
"1424",4,13.6631133084558,0,4.5543711028186,6.84293434604062,5.3315566542279,TRUE,0.55,0.15,0,"synthetic_invalid"
"1425",5,13.6631133084558,0,3.41577832711395,4.70043971814109,3.98133679515736,TRUE,0.44,0,0,"synthetic_invalid"
"1426",3,13.6631133084558,2.32192809488736,5.67059260678422,7.40087943628219,5.67059260678422,TRUE,0.4,0.2,0,"synthetic_invalid"
"1427",5,13.6631133084558,2,2.91577832711395,7.90822580629234,4.9278791931991,TRUE,0.64,0.12,0,"synthetic_invalid"
"1428",5,13.6631133084558,1.58496250072116,3.01953770193366,6.24412594328373,5.67059260678422,TRUE,0.64,0.12,0,"synthetic_invalid"
"1429",5,13.6631133084558,1,3.16577832711395,4.47488001772596,4.20759289750611,TRUE,0.52,0.04,0,"synthetic_invalid"
"1430",5,13.6631133084558,0,3.41577832711395,7.41518579501222,4.63539794283852,TRUE,0.56,0.04,0,"synthetic_invalid"
"1431",4,13.6631133084558,1.58496250072116,4.02605026924488,7.90822580629234,4.9278791931991,TRUE,0.65,0.1,0,"synthetic_invalid"
"1432",4,13.6631133084558,0,4.5543711028186,7.75622271284729,5.4278791931991,TRUE,0.55,0.2,0,"synthetic_invalid"
"1433",3,13.6631133084558,0,6.8315566542279,7.57565046720547,6.8315566542279,TRUE,0.533333333333333,0.133333333333333,0,"synthetic_invalid"
"1434",4,13.6631133084558,0,4.5543711028186,8.17159382180293,6.03907540386732,TRUE,0.4,0.15,0,"synthetic_invalid"
"1435",4,13.6631133084558,1,4.22103776948527,7.8557583863982,6.03907540386732,TRUE,0.75,0,0,"synthetic_invalid"
"1436",4,13.6631133084558,0,4.5543711028186,5.94920140046648,4.9278791931991,TRUE,0.4,0.15,0,"synthetic_invalid"
"1437",4,13.6631133084558,1,4.22103776948527,6.48649986183547,6.03907540386732,TRUE,0.6,0.05,0,"synthetic_invalid"
"1438",6,13.6631133084558,1,2.53262266169116,4.90156207601133,4.74659415350675,TRUE,0.6,0.0333333333333333,0,"synthetic_invalid"
"1439",3,13.6631133084558,2.8073549220576,5.4278791931991,9.57565046720547,5.4278791931991,TRUE,0.8,0,0,"synthetic_invalid"
"1440",6,13.6631133084558,1,2.53262266169116,7.43429461795993,5.67059260678422,TRUE,0.7,0.0666666666666667,0,"synthetic_invalid"
"1441",3,13.6631133084558,3.16992500144231,5.24659415350675,7.61871918909735,5.24659415350675,TRUE,0.466666666666667,0.133333333333333,0,"synthetic_invalid"
"1442",3,13.6631133084558,2.32192809488736,5.67059260678422,7.43429461795993,5.67059260678422,TRUE,0.6,0.133333333333333,0,"synthetic_invalid"
"1443",4,13.6631133084558,0,4.5543711028186,6.97661278127259,5.3315566542279,TRUE,0.55,0.1,0,"synthetic_invalid"
"1444",4,13.6631133084558,1.58496250072116,4.02605026924488,6.43462822763673,5.17059260678422,TRUE,0.45,0.15,0,"synthetic_invalid"
"1445",4,13.6631133084558,1,4.22103776948527,5.09705927028471,4.3315566542279,TRUE,0.35,0.2,0,"synthetic_invalid"
"1446",4,13.6631133084558,0,4.5543711028186,5.51657552574091,4.74659415350675,TRUE,0.3,0.25,0,"synthetic_invalid"
"1447",6,13.6631133084558,0,2.73262266169116,7.3963267677609,5.17059260678422,TRUE,0.733333333333333,0,0,"synthetic_invalid"
"1448",5,13.6631133084558,1,3.16577832711395,5.26337591253225,4.60184084490925,TRUE,0.36,0.12,0,"synthetic_invalid"
"1449",6,13.6631133084558,0,2.73262266169116,4.55721751023825,4.26691514575542,TRUE,0.533333333333333,0.1,0,"synthetic_invalid"
"1450",3,13.6631133084558,0,6.8315566542279,9.96267359031471,6.8315566542279,TRUE,0.6,0.2,0,"synthetic_invalid"
"1451",3,13.6631133084558,0,6.8315566542279,7.27079588567705,6.8315566542279,TRUE,0.666666666666667,0,0,"synthetic_invalid"
"1452",4,13.6631133084558,0,4.5543711028186,7.99068796648431,5.8315566542279,TRUE,0.5,0.3,0,"synthetic_invalid"
"1453",6,13.6631133084558,0,2.73262266169116,4.90156207601133,4.5697756761994,TRUE,0.466666666666667,0.133333333333333,0,"synthetic_invalid"
"1454",3,13.6631133084558,4.08746284125034,4.78782523360273,5.66909348127375,4.78782523360273,TRUE,0.333333333333333,0.133333333333333,0,"synthetic_invalid"
"1455",6,13.6631133084558,2.32192809488736,2.26823704271369,5.58096426710194,4.8315566542279,TRUE,0.566666666666667,0.0666666666666667,0,"synthetic_invalid"
"1456",3,13.6631133084558,2.58496250072116,5.53907540386732,6.7927485888724,5.53907540386732,TRUE,0.466666666666667,0.133333333333333,0,"synthetic_invalid"
"1457",3,13.6631133084558,2.32192809488736,5.67059260678422,5.76022094646651,5.67059260678422,TRUE,0.4,0.133333333333333,0,"synthetic_invalid"
"1458",6,13.6631133084558,1,2.53262266169116,7.43429461795993,5.67059260678422,TRUE,0.7,0.0666666666666667,0,"synthetic_invalid"
"1459",4,13.6631133084558,1,4.22103776948527,7.27079588567705,5.67059260678422,TRUE,0.6,0,0,"synthetic_invalid"
"1460",3,13.6631133084558,0,6.8315566542279,9.34118521356844,6.8315566542279,TRUE,0.6,0.266666666666667,0,"synthetic_invalid"
"1461",4,13.6631133084558,0,4.5543711028186,5.59165094589918,5.17059260678422,TRUE,0.45,0.15,0,"synthetic_invalid"
"1462",4,13.6631133084558,0,4.5543711028186,5.53899199662662,5.10184084490925,TRUE,0.55,0.05,0,"synthetic_invalid"
"1463",3,13.6631133084558,0,6.8315566542279,8.45365994282686,6.8315566542279,TRUE,0.6,0.0666666666666667,0,"synthetic_invalid"
"1464",5,13.6631133084558,1,3.16577832711395,5.79528208975703,4.87811135642364,TRUE,0.48,0.16,0,"synthetic_invalid"
"1465",3,13.6631133084558,0,6.8315566542279,8.96267359031471,6.8315566542279,TRUE,0.6,0.2,0,"synthetic_invalid"
"1466",4,13.6631133084558,2.32192809488736,3.78039507118948,7.90822580629234,4.9278791931991,TRUE,0.55,0.15,0,"synthetic_invalid"
"1467",5,13.6631133084558,0,3.41577832711395,6.27940901598175,4.87811135642364,TRUE,0.52,0.12,0,"synthetic_invalid"
"1468",6,13.6631133084558,0,2.73262266169116,8.57565046720547,5.8315566542279,TRUE,0.766666666666667,0.0333333333333333,0,"synthetic_invalid"
"1469",6,13.6631133084558,2.32192809488736,2.26823704271369,5.58096426710194,4.8315566542279,TRUE,0.566666666666667,0.0666666666666667,0,"synthetic_invalid"
"1470",3,13.6631133084558,1,6.3315566542279,6.84293434604062,6.3315566542279,TRUE,0.533333333333333,0.133333333333333,0,"synthetic_invalid"
"1471",4,13.6631133084558,1.58496250072116,4.02605026924488,6.97661278127259,4.63539794283852,TRUE,0.6,0.05,0,"synthetic_invalid"
"1472",4,13.6631133084558,0,4.5543711028186,6.48649986183547,6.03907540386732,TRUE,0.55,0.1,0,"synthetic_invalid"
"1473",3,13.6631133084558,0,6.8315566542279,7.17126021212613,6.8315566542279,TRUE,0.466666666666667,0.4,0,"synthetic_invalid"
"1474",4,13.6631133084558,0,4.5543711028186,6.00173296722446,4.98133679515736,TRUE,0.45,0.15,0,"synthetic_invalid"
"1475",4,13.6631133084558,1.58496250072116,4.02605026924488,8.53383029151084,5.8315566542279,TRUE,0.6,0.15,0,"synthetic_invalid"
"1476",3,13.6631133084558,0,6.8315566542279,9.17492568250068,6.8315566542279,TRUE,0.466666666666667,0.2,0,"synthetic_invalid"
"1477",4,13.6631133084558,0,4.5543711028186,7.73237597089292,6.3315566542279,TRUE,0.6,0.2,0,"synthetic_invalid"
"1478",5,13.6631133084558,0,3.41577832711395,7.75655632252409,5.8315566542279,TRUE,0.56,0.12,0,"synthetic_invalid"
"1479",6,13.6631133084558,0,2.73262266169116,5.99777739127063,4.98133679515736,TRUE,0.633333333333333,0.0333333333333333,0,"synthetic_invalid"
"1480",4,13.6631133084558,1,4.22103776948527,5.58096426710194,5.53907540386732,TRUE,0.35,0.25,0,"synthetic_invalid"
"1481",4,13.6631133084558,0,4.5543711028186,8.10852445677817,5.8315566542279,TRUE,0.35,0.35,0,"synthetic_invalid"
"1482",3,13.6631133084558,0,6.8315566542279,12.6631133084558,6.8315566542279,TRUE,0.733333333333333,0.133333333333333,0,"synthetic_invalid"
"1483",4,13.6631133084558,0,4.5543711028186,6.27940901598175,5.4278791931991,TRUE,0.6,0.05,0,"synthetic_invalid"
"1484",4,13.6631133084558,0,4.5543711028186,6.27940901598175,4.63539794283852,TRUE,0.55,0.15,0,"synthetic_invalid"
"1485",3,13.6631133084558,1.58496250072116,6.03907540386732,8.23684855375371,6.03907540386732,TRUE,0.6,0.133333333333333,0,"synthetic_invalid"
"1486",4,13.6631133084558,0,4.5543711028186,5.70043971814109,3.98133679515736,TRUE,0.5,0.05,0,"synthetic_invalid"
"1487",4,13.6631133084558,2,3.88770443615194,5.27940901598175,4.5697756761994,TRUE,0.4,0.15,0,"synthetic_invalid"
"1488",4,13.6631133084558,2.32192809488736,3.78039507118948,5.40087943628218,4.67059260678422,TRUE,0.45,0.15,0,"synthetic_invalid"
"1489",6,13.6631133084558,1,2.53262266169116,4.90156207601133,4.74659415350675,TRUE,0.566666666666667,0.0333333333333333,0,"synthetic_invalid"
"1490",5,13.6631133084558,1,3.16577832711395,5.27940901598175,4.22682997141343,TRUE,0.52,0.12,0,"synthetic_invalid"
"1491",5,13.6631133084558,0,3.41577832711395,8.13955135239879,4.87811135642364,TRUE,0.56,0,0,"synthetic_invalid"
"1492",3,13.6631133084558,1.58496250072116,6.03907540386732,6.98109153744994,6.03907540386732,TRUE,0.4,0.333333333333333,0,"synthetic_invalid"
"1493",3,13.6631133084558,3.4594316186373,5.10184084490925,5.1066224195338,5.10184084490925,TRUE,0.533333333333333,0.133333333333333,0,"synthetic_invalid"
"1494",3,13.6631133084558,0,6.8315566542279,8.12412131182919,6.8315566542279,TRUE,0.466666666666667,0.133333333333333,0,"synthetic_invalid"
"1495",3,13.6631133084558,1,6.3315566542279,6.84293434604062,6.3315566542279,TRUE,0.533333333333333,0.133333333333333,0,"synthetic_invalid"
"1496",6,13.6631133084558,0,2.73262266169116,5.69732902379372,4.63539794283852,TRUE,0.533333333333333,0.2,0,"synthetic_invalid"
"1497",5,13.6631133084558,1.58496250072116,3.01953770193366,5.59165094589918,4.13539794283852,TRUE,0.52,0.04,0,"synthetic_invalid"
"1498",3,13.6631133084558,1,6.3315566542279,9.96267359031471,6.3315566542279,TRUE,0.733333333333333,0.0666666666666667,0,"synthetic_invalid"
"1499",6,13.6631133084558,0,2.73262266169116,5.99777739127063,4.98133679515736,TRUE,0.6,0.0333333333333333,0,"synthetic_invalid"
"1500",4,13.6631133084558,0,4.5543711028186,8.23684855375371,5.3315566542279,TRUE,0.55,0.05,0,"synthetic_invalid"
"1501",4,13.6631133084558,1.58496250072116,4.02605026924488,7.90822580629234,4.9278791931991,TRUE,0.65,0.1,0,"synthetic_invalid"
"1502",5,13.6631133084558,0,3.41577832711395,5.58629771140497,5.10184084490925,TRUE,0.56,0.08,0,"synthetic_invalid"
"1503",4,13.6631133084558,0,4.5543711028186,5.58629771140497,5.53907540386732,TRUE,0.35,0.4,0,"synthetic_invalid"
"1504",5,13.6631133084558,0,3.41577832711395,5.99777739127063,5.17059260678422,TRUE,0.6,0.08,0,"synthetic_invalid"
"1505",5,13.6631133084558,0,3.41577832711395,5.99777739127063,4.98133679515736,TRUE,0.56,0.12,0,"synthetic_invalid"
"1506",6,13.6631133084558,0,2.73262266169116,7.41518579501222,4.63539794283852,TRUE,0.6,0,0,"synthetic_invalid"
"1507",5,13.6631133084558,1,3.16577832711395,10.3411852135684,5.8315566542279,TRUE,0.64,0.2,0,"synthetic_invalid"
"1508",3,13.6631133084558,0,6.8315566542279,9.72280753116955,6.8315566542279,TRUE,0.4,0.266666666666667,0,"synthetic_invalid"
"1509",3,13.6631133084558,2,5.8315566542279,6.97661278127259,5.8315566542279,TRUE,0.533333333333333,0.2,0,"synthetic_invalid"
"1510",4,13.6631133084558,0,4.5543711028186,6.17929753119155,5.3315566542279,TRUE,0.6,0.05,0,"synthetic_invalid"
"1511",4,13.6631133084558,0,4.5543711028186,7.43429461795993,5.03907540386732,TRUE,0.55,0.05,0,"synthetic_invalid"
"1512",4,13.6631133084558,0,4.5543711028186,6.17929753119155,4.63539794283852,TRUE,0.55,0.05,0,"synthetic_invalid"
"1513",3,13.6631133084558,0,6.8315566542279,8.13955135239879,6.8315566542279,TRUE,0.733333333333333,0,0,"synthetic_invalid"
"1514",5,13.6631133084558,0,3.41577832711395,7.8557583863982,6.03907540386732,TRUE,0.76,0,0,"synthetic_invalid"
"1515",4,13.6631133084558,2.32192809488736,3.78039507118948,4.48542682717024,3.4278791931991,TRUE,0.4,0.1,0,"synthetic_invalid"
"1516",5,13.6631133084558,1,3.16577832711395,4.90156207601133,4.5697756761994,TRUE,0.56,0.08,0,"synthetic_invalid"
"1517",5,13.6631133084558,0,3.41577832711395,8.41518579501222,5.03907540386732,TRUE,0.6,0,0,"synthetic_invalid"
"1518",5,13.6631133084558,0,3.41577832711395,5.24412594328373,5.17059260678422,TRUE,0.36,0.24,0,"synthetic_invalid"
"1519",5,13.6631133084558,0,3.41577832711395,5.99777739127063,5.3315566542279,TRUE,0.64,0.04,0,"synthetic_invalid"
"1520",3,13.6631133084558,1,6.3315566542279,7.38370429247405,6.3315566542279,TRUE,0.466666666666667,0.2,0,"synthetic_invalid"
"1521",4,13.6631133084558,0,4.5543711028186,6.8073549220576,3.4278791931991,TRUE,0.5,0.05,0,"synthetic_invalid"
"1522",5,13.6631133084558,0,3.41577832711395,8.57565046720547,5.53907540386732,TRUE,0.68,0,0,"synthetic_invalid"
"1523",3,13.6631133084558,1,6.3315566542279,8.75655632252409,6.3315566542279,TRUE,0.4,0.2,0,"synthetic_invalid"
"1524",3,13.6631133084558,0,6.8315566542279,9.07815080773465,6.8315566542279,TRUE,0.666666666666667,0.133333333333333,0,"synthetic_invalid"
"1525",4,13.6631133084558,2.32192809488736,3.78039507118948,4.05831649559082,4.00962855934054,TRUE,0.4,0.15,0,"synthetic_invalid"
"1526",4,13.6631133084558,0,4.5543711028186,5.91545260911194,4.9278791931991,TRUE,0.45,0.15,0,"synthetic_invalid"
"1527",4,13.6631133084558,1,4.22103776948527,7.8557583863982,4.53907540386732,TRUE,0.55,0.1,0,"synthetic_invalid"
"1528",6,13.6631133084558,0,2.73262266169116,6.43462822763673,5.17059260678422,TRUE,0.566666666666667,0.1,0,"synthetic_invalid"
"1529",3,13.6631133084558,0,6.8315566542279,9.57565046720547,6.8315566542279,TRUE,0.666666666666667,0.133333333333333,0,"synthetic_invalid"
"1530",5,13.6631133084558,1,3.16577832711395,5.40087943628218,4.67059260678422,TRUE,0.4,0.2,0,"synthetic_invalid"
"1531",3,13.6631133084558,4.16992500144231,4.74659415350675,5.58663132108178,4.74659415350675,TRUE,0.466666666666667,0,0,"synthetic_invalid"
"1532",4,13.6631133084558,1,4.22103776948527,8.53383029151084,5.67059260678422,TRUE,0.5,0.25,0,"synthetic_invalid"
"1533",4,13.6631133084558,0,4.5543711028186,10.0781508077346,6.3315566542279,TRUE,0.55,0.15,0,"synthetic_invalid"
"1534",5,13.6631133084558,0,3.41577832711395,5.43462822763672,4.67059260678422,TRUE,0.32,0.12,0,"synthetic_invalid"
"1535",4,13.6631133084558,1.58496250072116,4.02605026924488,4.90156207601133,4.48133679515736,TRUE,0.5,0.05,0,"synthetic_invalid"
"1536",6,13.6631133084558,1.58496250072116,2.41563016154693,7.45365994282686,5.10184084490925,TRUE,0.633333333333333,0.1,0,"synthetic_invalid"
"1537",6,13.6631133084558,1,2.53262266169116,9.41518579501222,5.17059260678422,TRUE,0.7,0,0,"synthetic_invalid"
"1538",4,13.6631133084558,1,4.22103776948527,5.38024459047819,4.67059260678422,TRUE,0.4,0.15,0,"synthetic_invalid"
"1539",6,13.6631133084558,1,2.53262266169116,6.24526079356991,5.3315566542279,TRUE,0.533333333333333,0.2,0,"synthetic_invalid"
"1540",2,13.6631133084558,2,11.6631133084558,11.6631133084558,0,TRUE,0.9,0,0,"synthetic_invalid"
"1541",4,13.6631133084558,0,4.5543711028186,5.58629771140497,4.4278791931991,TRUE,0.3,0.3,0,"synthetic_invalid"
"1542",4,13.6631133084558,0,4.5543711028186,5.58629771140497,4.4278791931991,TRUE,0.4,0.2,0,"synthetic_invalid"
"1543",4,13.6631133084558,0,4.5543711028186,5.63534468991921,4.78782523360273,TRUE,0.4,0.15,0,"synthetic_invalid"
"1544",5,13.6631133084558,1.58496250072116,3.01953770193366,7.43462822763673,5.67059260678422,TRUE,0.52,0.08,0,"synthetic_invalid"
"1545",4,13.6631133084558,0,4.5543711028186,6.07253459972295,5.17059260678422,TRUE,0.4,0.25,0,"synthetic_invalid"
"1546",6,13.6631133084558,0,2.73262266169116,9.07815080773465,5.53907540386732,TRUE,0.6,0.0666666666666667,0,"synthetic_invalid"
"1547",5,13.6631133084558,0,3.41577832711395,4.53224768392324,4.24659415350675,TRUE,0.6,0.08,0,"synthetic_invalid"
"1548",3,13.6631133084558,3.4594316186373,5.10184084490925,5.99068796648431,5.10184084490925,TRUE,0.4,0.2,0,"synthetic_invalid"
"1549",6,13.6631133084558,1,2.53262266169116,6.97661278127259,4.87811135642364,TRUE,0.566666666666667,0.0666666666666667,0,"synthetic_invalid"
"1550",4,13.6631133084558,0,4.5543711028186,6.26337591253225,5.10184084490925,TRUE,0.5,0.05,0,"synthetic_invalid"
"1551",4,13.6631133084558,1,4.22103776948527,6.58629771140497,5.4278791931991,TRUE,0.5,0.25,0,"synthetic_invalid"
"1552",3,13.6631133084558,1.58496250072116,6.03907540386732,8.23684855375371,6.03907540386732,TRUE,0.6,0.133333333333333,0,"synthetic_invalid"
"1553",4,13.6631133084558,0,4.5543711028186,7.61871918909735,5.24659415350675,TRUE,0.45,0.1,0,"synthetic_invalid"
"1554",5,13.6631133084558,0,3.41577832711395,6.8557583863982,5.17059260678422,TRUE,0.44,0.36,0,"synthetic_invalid"
"1555",4,13.6631133084558,0,4.5543711028186,5.63534468991921,4.78782523360273,TRUE,0.35,0.2,0,"synthetic_invalid"
"1556",4,13.6631133084558,0,4.5543711028186,5.58629771140497,5.03907540386732,TRUE,0.55,0.15,0,"synthetic_invalid"
"1557",4,13.6631133084558,0,4.5543711028186,7.3963267677609,6.3315566542279,TRUE,0.65,0.1,0,"synthetic_invalid"
"1558",3,13.6631133084558,2,5.8315566542279,7.55458885167764,5.8315566542279,TRUE,0.466666666666667,0.133333333333333,0,"synthetic_invalid"
"1559",5,13.6631133084558,0,3.41577832711395,4.90156207601133,3.98133679515736,TRUE,0.56,0,0,"synthetic_invalid"
"1560",5,13.6631133084558,0,3.41577832711395,5.59165094589918,4.87811135642364,TRUE,0.52,0,0,"synthetic_invalid"
"1561",5,13.6631133084558,0,3.41577832711395,7.27079588567705,5.8315566542279,TRUE,0.6,0,0,"synthetic_invalid"
"1562",4,13.6631133084558,0,4.5543711028186,6.07681559705083,5.8315566542279,TRUE,0.55,0.1,0,"synthetic_invalid"
"1563",4,13.6631133084558,0,4.5543711028186,7.27079588567705,6.3315566542279,TRUE,0.65,0,0,"synthetic_invalid"
"1564",4,13.6631133084558,0,4.5543711028186,7.43462822763673,5.67059260678422,TRUE,0.5,0.05,0,"synthetic_invalid"
"1565",5,13.6631133084558,1.58496250072116,3.01953770193366,9.41518579501222,5.17059260678422,TRUE,0.72,0,0,"synthetic_invalid"
"1566",5,13.6631133084558,0,3.41577832711395,8.57565046720547,5.53907540386732,TRUE,0.68,0,0,"synthetic_invalid"
"1567",3,13.6631133084558,1.58496250072116,6.03907540386732,6.58629771140497,6.03907540386732,TRUE,0.466666666666667,0.266666666666667,0,"synthetic_invalid"
"1568",4,13.6631133084558,0,4.5543711028186,7.55458885167764,5.53907540386732,TRUE,0.55,0.15,0,"synthetic_invalid"
"1569",3,13.6631133084558,0,6.8315566542279,10.8557583863982,6.8315566542279,TRUE,0.733333333333333,0.0666666666666667,0,"synthetic_invalid"
"1570",4,13.6631133084558,0,4.5543711028186,5.30985526258679,4.63539794283852,TRUE,0.35,0.15,0,"synthetic_invalid"
"1571",4,13.6631133084558,0,4.5543711028186,6.07253459972295,5.17059260678422,TRUE,0.4,0.25,0,"synthetic_invalid"
"1572",3,13.6631133084558,0,6.8315566542279,9.70217268536555,6.8315566542279,TRUE,0.4,0.2,0,"synthetic_invalid"
"1573",4,13.6631133084558,1,4.22103776948527,8.23684855375371,5.3315566542279,TRUE,0.55,0.05,0,"synthetic_invalid"
"1574",4,13.6631133084558,2,3.88770443615194,5.58096426710194,4.48133679515736,TRUE,0.35,0.2,0,"synthetic_invalid"
"1575",4,13.6631133084558,1,4.22103776948527,5.1066224195338,5.10184084490925,TRUE,0.55,0.1,0,"synthetic_invalid"
"1576",2,13.6631133084558,5,8.66311330845581,8.66311330845581,0,TRUE,0.6,0.2,0,"synthetic_invalid"
"1577",5,13.6631133084558,1,3.16577832711395,5.69732902379372,4.63539794283852,TRUE,0.52,0.12,0,"synthetic_invalid"
"1578",5,13.6631133084558,0,3.41577832711395,6.96267359031471,5.53907540386732,TRUE,0.44,0.24,0,"synthetic_invalid"
"1579",5,13.6631133084558,1,3.16577832711395,5.69732902379372,4.63539794283852,TRUE,0.52,0.12,0,"synthetic_invalid"
"1580",4,13.6631133084558,0,4.5543711028186,4.90156207601133,4.74659415350675,TRUE,0.5,0.1,0,"synthetic_invalid"
"1581",4,13.6631133084558,1.58496250072116,4.02605026924488,5.69732902379372,5.10184084490925,TRUE,0.55,0.15,0,"synthetic_invalid"
"1582",6,13.6631133084558,1.58496250072116,2.41563016154693,7.41518579501222,5.53907540386732,TRUE,0.766666666666667,0,0,"synthetic_invalid"
"1583",3,13.6631133084558,3.90689059560852,4.87811135642364,7.13955135239879,4.87811135642364,TRUE,0.6,0.0666666666666667,0,"synthetic_invalid"
"1584",4,13.6631133084558,0,4.5543711028186,8.49318830701349,5.67059260678422,TRUE,0.5,0.05,0,"synthetic_invalid"
"1585",3,13.6631133084558,2.32192809488736,5.67059260678422,5.80219321694183,5.67059260678422,TRUE,0.4,0.2,0,"synthetic_invalid"
"1586",6,13.6631133084558,1,2.53262266169116,9.41518579501222,5.17059260678422,TRUE,0.733333333333333,0,0,"synthetic_invalid"
"1587",6,13.6631133084558,1,2.53262266169116,5.09705927028471,4.11842427687685,TRUE,0.6,0.1,0,"synthetic_invalid"
"1588",4,13.6631133084558,0,4.5543711028186,6.8557583863982,6.03907540386732,TRUE,0.6,0.15,0,"synthetic_invalid"
"1589",4,13.6631133084558,2,3.88770443615194,6.97661278127259,4.53907540386732,TRUE,0.6,0,0,"synthetic_invalid"
"1590",3,13.6631133084558,1,6.3315566542279,9.96267359031471,6.3315566542279,TRUE,0.6,0.0666666666666667,0,"synthetic_invalid"
"1591",3,13.6631133084558,0,6.8315566542279,10.8557583863982,6.8315566542279,TRUE,0.733333333333333,0.0666666666666667,0,"synthetic_invalid"
"1592",3,13.6631133084558,3.4594316186373,5.10184084490925,5.58096426710194,5.10184084490925,TRUE,0.4,0.133333333333333,0,"synthetic_invalid"
"1593",5,13.6631133084558,1,3.16577832711395,6.17929753119155,5.4278791931991,TRUE,0.52,0.04,0,"synthetic_invalid"
"1594",5,13.6631133084558,1,3.16577832711395,4.05831649559082,4.00962855934054,TRUE,0.48,0.12,0,"synthetic_invalid"
"1595",2,13.6631133084558,3.4594316186373,10.2036816898185,10.2036816898185,0,TRUE,0.6,0.3,0,"synthetic_invalid"
"1596",6,13.6631133084558,1,2.53262266169116,6.8557583863982,5.03907540386732,TRUE,0.533333333333333,0.133333333333333,0,"synthetic_invalid"
"1597",4,13.6631133084558,0,4.5543711028186,7.43462822763673,5.67059260678422,TRUE,0.5,0.05,0,"synthetic_invalid"
"1598",3,13.6631133084558,0,6.8315566542279,10.4931883070135,6.8315566542279,TRUE,0.533333333333333,0.266666666666667,0,"synthetic_invalid"
"1599",4,13.6631133084558,0,4.5543711028186,7.27079588567705,5.24659415350675,TRUE,0.5,0.05,0,"synthetic_invalid"
"1600",3,13.6631133084558,2.58496250072116,5.53907540386732,6.7927485888724,5.53907540386732,TRUE,0.533333333333333,0.0666666666666667,0,"synthetic_invalid"
"1601",4,13.6631133084558,1,4.22103776948527,5.1066224195338,5.10184084490925,TRUE,0.55,0.1,0,"synthetic_invalid"
"1602",5,13.6631133084558,0,3.41577832711395,5.94920140046648,4.9278791931991,TRUE,0.44,0.12,0,"synthetic_invalid"
"1603",3,13.6631133084558,3,5.3315566542279,6.24526079356991,5.3315566542279,TRUE,0.333333333333333,0.4,0,"synthetic_invalid"
"1604",3,13.6631133084558,5.24792751344359,4.20759289750611,4.90156207601133,4.20759289750611,TRUE,0.466666666666667,0.0666666666666667,0,"synthetic_invalid"
"1605",5,13.6631133084558,2,2.91577832711395,4.5133541655406,4.22682997141343,TRUE,0.36,0.24,0,"synthetic_invalid"
"1606",4,13.6631133084558,0,4.5543711028186,6.8557583863982,5.17059260678422,TRUE,0.45,0.35,0,"synthetic_invalid"
"1607",5,13.6631133084558,1.58496250072116,3.01953770193366,4.056116604383,3.98133679515736,TRUE,0.4,0.08,0,"synthetic_invalid"
"1608",3,13.6631133084558,0,6.8315566542279,8.76155123244448,6.8315566542279,TRUE,0.533333333333333,0.0666666666666667,0,"synthetic_invalid"
"1609",5,13.6631133084558,0,3.41577832711395,5.27940901598175,4.22682997141343,TRUE,0.52,0.12,0,"synthetic_invalid"
"1610",5,13.6631133084558,0,3.41577832711395,5.22239242133645,3.4278791931991,TRUE,0.36,0.2,0,"synthetic_invalid"
"1611",4,13.6631133084558,0,4.5543711028186,5.24792751344359,4.20759289750611,TRUE,0.35,0.35,0,"synthetic_invalid"
"1612",3,13.6631133084558,1,6.3315566542279,6.56508122549528,6.3315566542279,TRUE,0.533333333333333,0.133333333333333,0,"synthetic_invalid"
"1613",3,13.6631133084558,1.58496250072116,6.03907540386732,7.99068796648431,6.03907540386732,TRUE,0.333333333333333,0.466666666666667,0,"synthetic_invalid"
"1614",6,13.6631133084558,0,2.73262266169116,4.11547721741994,3.98133679515736,TRUE,0.433333333333333,0,0,"synthetic_invalid"
"1615",6,13.6631133084558,1,2.53262266169116,7.55458885167764,5.67059260678422,TRUE,0.733333333333333,0.0333333333333333,0,"synthetic_invalid"
"1616",6,13.6631133084558,2,2.33262266169116,6.7927485888724,4.98133679515736,TRUE,0.566666666666667,0.0333333333333333,0,"synthetic_invalid"
"1617",5,13.6631133084558,0,3.41577832711395,5.99068796648431,4.48133679515736,TRUE,0.44,0.16,0,"synthetic_invalid"
"1618",6,13.6631133084558,0,2.73262266169116,5.59165094589918,4.13539794283852,TRUE,0.533333333333333,0.0333333333333333,0,"synthetic_invalid"
"1619",5,13.6631133084558,1,3.16577832711395,4.90156207601133,4.3315566542279,TRUE,0.6,0,0,"synthetic_invalid"
"1620",6,13.6631133084558,1,2.53262266169116,5.53899199662662,4.9278791931991,TRUE,0.633333333333333,0.0333333333333333,0,"synthetic_invalid"
"1621",4,13.6631133084558,1,4.22103776948527,4.90156207601133,4.03907540386732,TRUE,0.5,0.05,0,"synthetic_invalid"
"1622",4,13.6631133084558,2.8073549220576,3.6185861287994,5.99068796648431,4.70759289750611,TRUE,0.4,0.15,0,"synthetic_invalid"
"1623",4,13.6631133084558,0,4.5543711028186,6.94920140046648,5.4278791931991,TRUE,0.45,0.2,0,"synthetic_invalid"
"1624",4,13.6631133084558,0,4.5543711028186,5.56605403817109,5.3315566542279,TRUE,0.3,0.35,0,"synthetic_invalid"
"1625",4,13.6631133084558,0,4.5543711028186,5.69732902379372,4.3315566542279,TRUE,0.45,0.15,0,"synthetic_invalid"
"1626",2,13.6631133084558,1.58496250072116,12.0781508077346,12.0781508077346,0,TRUE,0.7,0.2,0,"synthetic_invalid"
"1627",4,13.6631133084558,0,4.5543711028186,5.99068796648431,5.10184084490925,TRUE,0.45,0.2,0,"synthetic_invalid"
"1628",6,13.6631133084558,0,2.73262266169116,9.41518579501222,5.24659415350675,TRUE,0.733333333333333,0.0333333333333333,0,"synthetic_invalid"
"1629",5,13.6631133084558,0,3.41577832711395,4.05831649559082,4.00962855934054,TRUE,0.28,0.24,0,"synthetic_invalid"
"1630",4,13.6631133084558,0,4.5543711028186,6.7927485888724,5.53907540386732,TRUE,0.5,0.1,0,"synthetic_invalid"
"1631",4,13.6631133084558,1.58496250072116,4.02605026924488,8.57565046720547,5.8315566542279,TRUE,0.75,0.05,0,"synthetic_invalid"
"1632",3,13.6631133084558,0,6.8315566542279,7.22881869049588,6.8315566542279,TRUE,0.4,0.466666666666667,0,"synthetic_invalid"
"1633",4,13.6631133084558,1,4.22103776948527,7.27079588567705,5.8315566542279,TRUE,0.6,0,0,"synthetic_invalid"
"1634",2,13.6631133084558,1.58496250072116,12.0781508077346,12.0781508077346,0,TRUE,0.7,0.2,0,"synthetic_invalid"
"1635",4,13.6631133084558,1,4.22103776948527,8.66311330845581,5.17059260678422,TRUE,0.65,0.1,0,"synthetic_invalid"
"1636",5,13.6631133084558,0,3.41577832711395,5.69732902379372,5.53907540386732,TRUE,0.52,0.16,0,"synthetic_invalid"
"1637",4,13.6631133084558,0,4.5543711028186,9.75622271284729,6.3315566542279,TRUE,0.55,0.25,0,"synthetic_invalid"
"1638",5,13.6631133084558,1,3.16577832711395,5.33049010839079,4.63539794283852,TRUE,0.4,0.08,0,"synthetic_invalid"
"1639",4,13.6631133084558,1,4.22103776948527,6.70217268536555,5.3315566542279,TRUE,0.55,0.1,0,"synthetic_invalid"
"1640",5,13.6631133084558,0,3.41577832711395,7.45365994282686,5.10184084490925,TRUE,0.64,0.12,0,"synthetic_invalid"
"1641",5,13.6631133084558,1.58496250072116,3.01953770193366,3.94030577728626,3.4278791931991,TRUE,0.4,0.08,0,"synthetic_invalid"
"1642",4,13.6631133084558,1,4.22103776948527,8.34118521356844,5.53907540386733,TRUE,0.45,0.1,0,"synthetic_invalid"
"1643",3,13.6631133084558,1,6.3315566542279,9.75622271284729,6.3315566542279,TRUE,0.666666666666667,0.133333333333333,0,"synthetic_invalid"
"1644",4,13.6631133084558,0,4.5543711028186,7.61871918909735,6.3315566542279,TRUE,0.4,0.35,0,"synthetic_invalid"
"1645",4,13.6631133084558,2,3.88770443615194,7.43462822763673,5.67059260678422,TRUE,0.45,0.1,0,"synthetic_invalid"
"1646",5,13.6631133084558,1.58496250072116,3.01953770193366,6.55458885167764,4.9278791931991,TRUE,0.64,0.04,0,"synthetic_invalid"
"1647",4,13.6631133084558,0,4.5543711028186,5.58096426710194,5.10184084490925,TRUE,0.45,0.15,0,"synthetic_invalid"
"1648",5,13.6631133084558,1.58496250072116,3.01953770193366,4.90156207601133,4.74659415350675,TRUE,0.56,0.04,0,"synthetic_invalid"
"1649",5,13.6631133084558,0,3.41577832711395,5.63534468991921,4.78782523360273,TRUE,0.28,0.32,0,"synthetic_invalid"
"1650",6,13.6631133084558,1.58496250072116,2.41563016154693,6.94920140046648,5.4278791931991,TRUE,0.566666666666667,0,0,"synthetic_invalid"
"1651",4,13.6631133084558,2,3.88770443615194,7.47328874957579,5.24659415350675,TRUE,0.6,0.15,0,"synthetic_invalid"
"1652",3,13.6631133084558,3.32192809488736,5.17059260678422,6.38024459047819,5.17059260678422,TRUE,0.333333333333333,0.266666666666667,0,"synthetic_invalid"
"1653",4,13.6631133084558,0,4.5543711028186,6.91545260911194,5.4278791931991,TRUE,0.45,0.1,0,"synthetic_invalid"
"1654",4,13.6631133084558,0,4.5543711028186,5.59165094589918,4.13539794283852,TRUE,0.55,0.05,0,"synthetic_invalid"
"1655",4,13.6631133084558,0,4.5543711028186,7.17126021212613,5.10184084490925,TRUE,0.35,0.45,0,"synthetic_invalid"
"1656",4,13.6631133084558,0,4.5543711028186,7.76155123244448,6.3315566542279,TRUE,0.5,0.1,0,"synthetic_invalid"
"1657",4,13.6631133084558,0,4.5543711028186,6.17929753119155,4.63539794283852,TRUE,0.55,0.05,0,"synthetic_invalid"
"1658",3,13.6631133084558,1,6.3315566542279,7.12412131182919,6.3315566542279,TRUE,0.4,0.2,0,"synthetic_invalid"
"1659",4,13.6631133084558,0,4.5543711028186,7.12412131182919,6.3315566542279,TRUE,0.65,0.05,0,"synthetic_invalid"
"1660",6,13.6631133084558,0,2.73262266169116,5.30211961380718,5.10184084490925,TRUE,0.666666666666667,0.0333333333333333,0,"synthetic_invalid"
"1661",6,13.6631133084558,1.58496250072116,2.41563016154693,7.45365994282686,5.10184084490925,TRUE,0.6,0.1,0,"synthetic_invalid"
"1662",3,13.6631133084558,2,5.8315566542279,6.07146236255662,5.8315566542279,TRUE,0.466666666666667,0.133333333333333,0,"synthetic_invalid"
"1663",5,13.6631133084558,1.58496250072116,3.01953770193366,4.53224768392324,4.24659415350675,TRUE,0.64,0.04,0,"synthetic_invalid"
"1664",4,13.6631133084558,0,4.5543711028186,5.63534468991921,4.78782523360273,TRUE,0.35,0.2,0,"synthetic_invalid"
"1665",3,13.6631133084558,0,6.8315566542279,8.38370429247405,6.8315566542279,TRUE,0.533333333333333,0.133333333333333,0,"synthetic_invalid"
"1666",5,13.6631133084558,0,3.41577832711395,5.58629771140497,4.67059260678422,TRUE,0.36,0.32,0,"synthetic_invalid"
"1667",4,13.6631133084558,0,4.5543711028186,7.11721018464439,5.53907540386732,TRUE,0.45,0.2,0,"synthetic_invalid"
"1668",4,13.6631133084558,0,4.5543711028186,7.61871918909735,5.24659415350675,TRUE,0.55,0.1,0,"synthetic_invalid"
"1669",6,13.6631133084558,0,2.73262266169116,5.69732902379372,4.3315566542279,TRUE,0.433333333333333,0.166666666666667,0,"synthetic_invalid"
"1670",4,13.6631133084558,0,4.5543711028186,5.43462822763672,4.67059260678422,TRUE,0.3,0.15,0,"synthetic_invalid"
"1671",4,13.6631133084558,0,4.5543711028186,5.58096426710194,5.24659415350675,TRUE,0.4,0.2,0,"synthetic_invalid"
"1672",3,13.6631133084558,2.8073549220576,5.4278791931991,6.94920140046648,5.4278791931991,TRUE,0.4,0.133333333333333,0,"synthetic_invalid"
"1673",3,13.6631133084558,1.58496250072116,6.03907540386732,11.6631133084558,6.03907540386732,TRUE,0.8,0.0666666666666667,0,"synthetic_invalid"
"1674",4,13.6631133084558,0,4.5543711028186,8.45365994282686,6.03907540386733,TRUE,0.5,0.2,0,"synthetic_invalid"
"1675",4,13.6631133084558,0,4.5543711028186,7.55458885167764,5.53907540386732,TRUE,0.55,0.15,0,"synthetic_invalid"
"1676",3,13.6631133084558,0,6.8315566542279,10.4931883070135,6.8315566542279,TRUE,0.533333333333333,0.266666666666667,0,"synthetic_invalid"
"1677",4,13.6631133084558,0,4.5543711028186,7.73237597089292,6.03907540386732,TRUE,0.55,0.2,0,"synthetic_invalid"
"1678",4,13.6631133084558,0,4.5543711028186,4.98606080904213,4.48133679515736,TRUE,0.35,0.1,0,"synthetic_invalid"
"1679",4,13.6631133084558,0,4.5543711028186,6.97661278127259,5.8315566542279,TRUE,0.6,0.05,0,"synthetic_invalid"
"1680",4,13.6631133084558,0,4.5543711028186,5.49185309632967,4.08563010606307,TRUE,0.35,0.15,0,"synthetic_invalid"
"1681",4,13.6631133084558,1,4.22103776948527,7.27079588567705,5.8315566542279,TRUE,0.6,0,0,"synthetic_invalid"
"1682",6,13.6631133084558,1,2.53262266169116,7.43462822763673,5.67059260678422,TRUE,0.566666666666667,0.0666666666666667,0,"synthetic_invalid"
"1683",5,13.6631133084558,0,3.41577832711395,6.17929753119155,4.78782523360273,TRUE,0.44,0.08,0,"synthetic_invalid"
"1684",3,13.6631133084558,1.58496250072116,6.03907540386732,6.97661278127259,6.03907540386732,TRUE,0.6,0.0666666666666667,0,"synthetic_invalid"
"1685",4,13.6631133084558,0,4.5543711028186,5.49185309632967,4.08563010606307,TRUE,0.35,0.15,0,"synthetic_invalid"
"1686",5,13.6631133084558,0,3.41577832711395,4.90156207601133,4.20759289750611,TRUE,0.48,0.12,0,"synthetic_invalid"
"1687",4,13.6631133084558,1,4.22103776948527,8.30556130383772,6.03907540386732,TRUE,0.65,0.15,0,"synthetic_invalid"
"1688",4,13.6631133084558,0,4.5543711028186,8.49318830701349,5.67059260678422,TRUE,0.5,0.05,0,"synthetic_invalid"
"1689",4,13.6631133084558,1,4.22103776948527,10.3411852135684,6.03907540386732,TRUE,0.75,0.05,0,"synthetic_invalid"
"1690",4,13.6631133084558,0,4.5543711028186,6.43429461795993,5.53907540386732,TRUE,0.5,0.25,0,"synthetic_invalid"
"1691",3,13.6631133084558,2,5.8315566542279,9.41518579501222,5.8315566542279,TRUE,0.733333333333333,0.0666666666666667,0,"synthetic_invalid"
"1692",4,13.6631133084558,0,4.5543711028186,5.53899199662662,4.53907540386732,TRUE,0.35,0.1,0,"synthetic_invalid"
"1693",4,13.6631133084558,1,4.22103776948527,7.17159382180293,5.53907540386732,TRUE,0.5,0.1,0,"synthetic_invalid"
"1694",5,13.6631133084558,0,3.41577832711395,7.27079588567705,4.87811135642364,TRUE,0.56,0,0,"synthetic_invalid"
"1695",5,13.6631133084558,0,3.41577832711395,7.41518579501222,4.63539794283852,TRUE,0.56,0.04,0,"synthetic_invalid"
"1696",4,13.6631133084558,0,4.5543711028186,7.3963267677609,6.3315566542279,TRUE,0.7,0.05,0,"synthetic_invalid"
"1697",4,13.6631133084558,0,4.5543711028186,7.90822580629234,5.4278791931991,TRUE,0.55,0.2,0,"synthetic_invalid"
"1698",4,13.6631133084558,1.58496250072116,4.02605026924488,7.36457243229586,5.67059260678422,TRUE,0.45,0.15,0,"synthetic_invalid"
"1699",6,13.6631133084558,0,2.73262266169116,7.8557583863982,5.67059260678422,TRUE,0.733333333333333,0,0,"synthetic_invalid"
"1700",5,13.6631133084558,0,3.41577832711395,6.96267359031471,5.53907540386732,TRUE,0.44,0.24,0,"synthetic_invalid"
"1701",5,13.6631133084558,1,3.16577832711395,5.99777739127063,5.3315566542279,TRUE,0.6,0.04,0,"synthetic_invalid"
"1702",4,13.6631133084558,0,4.5543711028186,5.70043971814109,3.98133679515736,TRUE,0.35,0.05,0,"synthetic_invalid"
"1703",4,13.6631133084558,0,4.5543711028186,7.43429461795993,6.3315566542279,TRUE,0.55,0.1,0,"synthetic_invalid"
"1704",3,13.6631133084558,0,6.8315566542279,10.0781508077346,6.8315566542279,TRUE,0.6,0.2,0,"synthetic_invalid"
"1705",5,13.6631133084558,0,3.41577832711395,6.27940901598175,4.5697756761994,TRUE,0.56,0.08,0,"synthetic_invalid"
"1706",4,13.6631133084558,0,4.5543711028186,7.78047025909396,5.67059260678422,TRUE,0.65,0.05,0,"synthetic_invalid"
"1707",2,13.6631133084558,4.90689059560852,8.75622271284729,8.75622271284729,0,TRUE,0.6,0.2,0,"synthetic_invalid"
"1708",3,13.6631133084558,0,6.8315566542279,9.07815080773465,6.8315566542279,TRUE,0.666666666666667,0.133333333333333,0,"synthetic_invalid"
"1709",3,13.6631133084558,1,6.3315566542279,7.07146236255662,6.3315566542279,TRUE,0.6,0,0,"synthetic_invalid"
"1710",5,13.6631133084558,0,3.41577832711395,5.69732902379372,4.63539794283852,TRUE,0.48,0.16,0,"synthetic_invalid"
"1711",4,13.6631133084558,1,4.22103776948527,5.94920140046648,4.9278791931991,TRUE,0.35,0.15,0,"synthetic_invalid"
"1712",4,13.6631133084558,0,4.5543711028186,7.07681559705083,6.3315566542279,TRUE,0.4,0.35,0,"synthetic_invalid"
"1713",5,13.6631133084558,0,3.41577832711395,5.24412594328373,5.17059260678422,TRUE,0.44,0.2,0,"synthetic_invalid"
"1714",6,13.6631133084558,2,2.33262266169116,6.7927485888724,4.98133679515736,TRUE,0.6,0.0333333333333333,0,"synthetic_invalid"
"1715",4,13.6631133084558,0,4.5543711028186,8.30556130383772,5.17059260678422,TRUE,0.6,0.15,0,"synthetic_invalid"
"1716",5,13.6631133084558,1,3.16577832711395,4.48542682717024,3.4278791931991,TRUE,0.52,0.04,0,"synthetic_invalid"
"1717",3,13.6631133084558,0,6.8315566542279,12.0781508077346,6.8315566542279,TRUE,0.6,0.266666666666667,0,"synthetic_invalid"
"1718",3,13.6631133084558,2,5.8315566542279,7.70217268536555,5.8315566542279,TRUE,0.333333333333333,0.333333333333333,0,"synthetic_invalid"
"1719",5,13.6631133084558,1,3.16577832711395,4.90156207601133,4.5697756761994,TRUE,0.56,0.12,0,"synthetic_invalid"
"1720",5,13.6631133084558,2,2.91577832711395,4,3.4278791931991,TRUE,0.52,0.04,0,"synthetic_invalid"
"1721",4,13.6631133084558,0,4.5543711028186,5.59165094589918,5.17059260678422,TRUE,0.45,0.15,0,"synthetic_invalid"
"1722",4,13.6631133084558,0,4.5543711028186,5.76155123244448,5.3315566542279,TRUE,0.55,0.1,0,"synthetic_invalid"
"1723",3,13.6631133084558,3.32192809488736,5.17059260678422,5.53899199662662,5.17059260678422,TRUE,0.466666666666667,0.0666666666666667,0,"synthetic_invalid"
"1724",3,13.6631133084558,2,5.8315566542279,6.26223387217362,5.8315566542279,TRUE,0.466666666666667,0.266666666666667,0,"synthetic_invalid"
"1725",4,13.6631133084558,0,4.5543711028186,8.45365994282686,5.24659415350675,TRUE,0.6,0.05,0,"synthetic_invalid"
"1726",4,13.6631133084558,0,4.5543711028186,4.90156207601133,4.5697756761994,TRUE,0.55,0.1,0,"synthetic_invalid"
"1727",3,13.6631133084558,0,6.8315566542279,8.66311330845581,6.8315566542279,TRUE,0.533333333333333,0.266666666666667,0,"synthetic_invalid"
"1728",3,13.6631133084558,2.8073549220576,5.4278791931991,7.73237597089292,5.4278791931991,TRUE,0.533333333333333,0.2,0,"synthetic_invalid"
"1729",4,13.6631133084558,0,4.5543711028186,5.69732902379372,4.63539794283852,TRUE,0.45,0.2,0,"synthetic_invalid"
"1730",4,13.6631133084558,1,4.22103776948527,7.3963267677609,4.50962855934054,TRUE,0.65,0,0,"synthetic_invalid"
"1731",5,13.6631133084558,0,3.41577832711395,4.62727330557912,4.26691514575542,TRUE,0.48,0.08,0,"synthetic_invalid"
"1732",4,13.6631133084558,0,4.5543711028186,7.8557583863982,5.53907540386732,TRUE,0.65,0.05,0,"synthetic_invalid"
"1733",4,13.6631133084558,0,4.5543711028186,7.38370429247405,6.3315566542279,TRUE,0.55,0.15,0,"synthetic_invalid"
"1734",2,13.6631133084558,3.32192809488736,10.3411852135684,10.3411852135684,0,TRUE,0.7,0.1,0,"synthetic_invalid"
"1735",5,13.6631133084558,0,3.41577832711395,4.90156207601133,4.03907540386732,TRUE,0.36,0.28,0,"synthetic_invalid"
"1736",4,13.6631133084558,0,4.5543711028186,7.38024459047819,5.67059260678422,TRUE,0.35,0.25,0,"synthetic_invalid"
"1737",5,13.6631133084558,0,3.41577832711395,5.51657552574091,4.74659415350675,TRUE,0.4,0.2,0,"synthetic_invalid"
"1738",4,13.6631133084558,1,4.22103776948527,9.96267359031471,5.8315566542279,TRUE,0.65,0.05,0,"synthetic_invalid"
"1739",5,13.6631133084558,1,3.16577832711395,6.97661278127259,4.53907540386732,TRUE,0.6,0,0,"synthetic_invalid"
"1740",5,13.6631133084558,1.58496250072116,3.01953770193366,11.0781508077346,5.67059260678422,TRUE,0.76,0.08,0,"synthetic_invalid"
"1741",5,13.6631133084558,0,3.41577832711395,5.69732902379372,4.63539794283852,TRUE,0.48,0.2,0,"synthetic_invalid"
"1742",5,13.6631133084558,1,3.16577832711395,5.45424517192196,4.70759289750611,TRUE,0.44,0.16,0,"synthetic_invalid"
"1743",6,13.6631133084558,0,2.73262266169116,7.73237597089292,5.4278791931991,TRUE,0.633333333333333,0.1,0,"synthetic_invalid"
"1744",4,13.6631133084558,0,4.5543711028186,8.11721018464439,6.03907540386732,TRUE,0.45,0.15,0,"synthetic_invalid"
"1745",5,13.6631133084558,0,3.41577832711395,4.90156207601133,4.5697756761994,TRUE,0.56,0.12,0,"synthetic_invalid"
"1746",4,13.6631133084558,0,4.5543711028186,5.59165094589918,5.17059260678422,TRUE,0.5,0.1,0,"synthetic_invalid"
"1747",3,13.6631133084558,3,5.3315566542279,5.76155123244448,5.3315566542279,TRUE,0.533333333333333,0.0666666666666667,0,"synthetic_invalid"
"1748",4,13.6631133084558,0,4.5543711028186,6.24412594328373,5.67059260678422,TRUE,0.6,0.1,0,"synthetic_invalid"
"1749",4,13.6631133084558,0,4.5543711028186,5.76022094646651,5.67059260678422,TRUE,0.5,0.15,0,"synthetic_invalid"
"1750",6,13.6631133084558,2,2.33262266169116,6.7927485888724,4.98133679515736,TRUE,0.6,0.0333333333333333,0,"synthetic_invalid"
"1751",5,13.6631133084558,0,3.41577832711395,5.58629771140497,4.4278791931991,TRUE,0.28,0.32,0,"synthetic_invalid"
"1752",3,13.6631133084558,0,6.8315566542279,8.12412131182919,6.8315566542279,TRUE,0.4,0.2,0,"synthetic_invalid"
"1753",4,13.6631133084558,0,4.5543711028186,5.69732902379372,4.3315566542279,TRUE,0.45,0.15,0,"synthetic_invalid"
"1754",4,13.6631133084558,1,4.22103776948527,7.8557583863982,5.67059260678422,TRUE,0.6,0.1,0,"synthetic_invalid"
"1755",4,13.6631133084558,0,4.5543711028186,7.27079588567705,5.8315566542279,TRUE,0.55,0.05,0,"synthetic_invalid"
"1756",5,13.6631133084558,0,3.41577832711395,5.27940901598175,4.37811135642364,TRUE,0.32,0.2,0,"synthetic_invalid"
"1757",4,13.6631133084558,1,4.22103776948527,6.27940901598175,4.5697756761994,TRUE,0.45,0.15,0,"synthetic_invalid"
"1758",4,13.6631133084558,2.8073549220576,3.6185861287994,5.99068796648431,4.70759289750611,TRUE,0.4,0.15,0,"synthetic_invalid"
"1759",4,13.6631133084558,0,4.5543711028186,5.58629771140497,5.4278791931991,TRUE,0.35,0.3,0,"synthetic_invalid"
"1760",4,13.6631133084558,0,4.5543711028186,4.95419631038687,4.9278791931991,TRUE,0.4,0.25,0,"synthetic_invalid"
"1761",4,13.6631133084558,0,4.5543711028186,6.26337591253225,5.10184084490925,TRUE,0.5,0.05,0,"synthetic_invalid"
"1762",3,13.6631133084558,3.58496250072116,5.03907540386732,5.59165094589918,5.03907540386732,TRUE,0.466666666666667,0.133333333333333,0,"synthetic_invalid"
"1763",3,13.6631133084558,0,6.8315566542279,10.0781508077346,6.8315566542279,TRUE,0.733333333333333,0.0666666666666667,0,"synthetic_invalid"
"1764",3,13.6631133084558,0,6.8315566542279,9.96267359031471,6.8315566542279,TRUE,0.6,0.133333333333333,0,"synthetic_invalid"
"1765",4,13.6631133084558,0,4.5543711028186,5.59165094589918,4.63539794283852,TRUE,0.55,0,0,"synthetic_invalid"
"1766",5,13.6631133084558,0,3.41577832711395,6.97661278127259,4.53907540386732,TRUE,0.6,0,0,"synthetic_invalid"
"1767",6,13.6631133084558,1.58496250072116,2.41563016154693,7.41518579501222,5.53907540386732,TRUE,0.733333333333333,0,0,"synthetic_invalid"
"1768",3,13.6631133084558,0,6.8315566542279,6.97661278127259,6.8315566542279,TRUE,0.6,0.0666666666666667,0,"synthetic_invalid"
"1769",4,13.6631133084558,0,4.5543711028186,7.38024459047819,5.67059260678422,TRUE,0.4,0.2,0,"synthetic_invalid"
"1770",2,13.6631133084558,3.4594316186373,10.2036816898185,10.2036816898185,0,TRUE,0.6,0.3,0,"synthetic_invalid"
"1771",3,13.6631133084558,1,6.3315566542279,8.23684855375371,6.3315566542279,TRUE,0.466666666666667,0.133333333333333,0,"synthetic_invalid"
"1772",4,13.6631133084558,0,4.5543711028186,6.08214904135387,5.8315566542279,TRUE,0.45,0.15,0,"synthetic_invalid"
"1773",4,13.6631133084558,1,4.22103776948527,5.58629771140497,5.4278791931991,TRUE,0.4,0.25,0,"synthetic_invalid"
"1774",4,13.6631133084558,2,3.88770443615194,5.09705927028471,4.3315566542279,TRUE,0.25,0.3,0,"synthetic_invalid"
"1775",4,13.6631133084558,0,4.5543711028186,6.24412594328373,5.67059260678422,TRUE,0.6,0.1,0,"synthetic_invalid"
"1776",3,13.6631133084558,0,6.8315566542279,8.07681559705083,6.8315566542279,TRUE,0.466666666666667,0.2,0,"synthetic_invalid"
"1777",4,13.6631133084558,0,4.5543711028186,5.58629771140497,4.67059260678422,TRUE,0.4,0.3,0,"synthetic_invalid"
"1778",6,13.6631133084558,2,2.33262266169116,6.7927485888724,4.98133679515736,TRUE,0.566666666666667,0.0333333333333333,0,"synthetic_invalid"
"1779",3,13.6631133084558,4,4.8315566542279,5.58096426710194,4.8315566542279,TRUE,0.466666666666667,0.0666666666666667,0,"synthetic_invalid"
"1780",4,13.6631133084558,1.58496250072116,4.02605026924488,4.90156207601133,4.63539794283852,TRUE,0.5,0.1,0,"synthetic_invalid"
"1781",4,13.6631133084558,1.58496250072116,4.02605026924488,7.72280753116955,5.8315566542279,TRUE,0.5,0.1,0,"synthetic_invalid"
"1782",3,13.6631133084558,1.58496250072116,6.03907540386732,6.08746284125034,6.03907540386732,TRUE,0.533333333333333,0.133333333333333,0,"synthetic_invalid"
"1783",4,13.6631133084558,0,4.5543711028186,7.57565046720547,5.67059260678422,TRUE,0.65,0.05,0,"synthetic_invalid"
"1784",5,13.6631133084558,1,3.16577832711395,4.90156207601133,4.5697756761994,TRUE,0.56,0.12,0,"synthetic_invalid"
"1785",4,13.6631133084558,0,4.5543711028186,8.75655632252409,6.3315566542279,TRUE,0.35,0.2,0,"synthetic_invalid"
"1786",3,13.6631133084558,1.58496250072116,6.03907540386732,6.98109153744994,6.03907540386732,TRUE,0.4,0.266666666666667,0,"synthetic_invalid"
"1787",5,13.6631133084558,1,3.16577832711395,5.33049010839079,4.63539794283852,TRUE,0.44,0.08,0,"synthetic_invalid"
"1788",4,13.6631133084558,0,4.5543711028186,8.23684855375371,6.03907540386732,TRUE,0.65,0.1,0,"synthetic_invalid"
"1789",4,13.6631133084558,1,4.22103776948527,8.10852445677817,6.03907540386732,TRUE,0.5,0.2,0,"synthetic_invalid"
"1790",5,13.6631133084558,0,3.41577832711395,6.17929753119155,4.53907540386732,TRUE,0.36,0.12,0,"synthetic_invalid"
"1791",3,13.6631133084558,0,6.8315566542279,7.55458885167764,6.8315566542279,TRUE,0.6,0.0666666666666667,0,"synthetic_invalid"
"1792",4,13.6631133084558,1,4.22103776948527,7.3963267677609,6.03907540386732,TRUE,0.75,0,0,"synthetic_invalid"
"1793",4,13.6631133084558,1,4.22103776948527,6.58629771140497,5.4278791931991,TRUE,0.5,0.25,0,"synthetic_invalid"
"1794",3,13.6631133084558,2,5.8315566542279,6.38370429247405,5.8315566542279,TRUE,0.466666666666667,0.2,0,"synthetic_invalid"
"1795",5,13.6631133084558,1,3.16577832711395,7.3963267677609,5.17059260678422,TRUE,0.72,0,0,"synthetic_invalid"
"1796",5,13.6631133084558,0,3.41577832711395,6.97661278127259,4.87811135642364,TRUE,0.56,0.12,0,"synthetic_invalid"
"1797",4,13.6631133084558,0,4.5543711028186,7.55458885167764,5.53907540386732,TRUE,0.55,0.15,0,"synthetic_invalid"
"1798",3,13.6631133084558,2.32192809488736,5.67059260678422,5.75488750216347,5.67059260678422,TRUE,0.6,0.133333333333333,0,"synthetic_invalid"
"1799",5,13.6631133084558,0,3.41577832711395,5.99068796648431,5.4278791931991,TRUE,0.44,0.2,0,"synthetic_invalid"
"1800",3,13.6631133084558,0,6.8315566542279,7.48381577726426,6.8315566542279,TRUE,0.466666666666667,0.133333333333333,0,"synthetic_invalid"
"1801",3,13.6631133084558,0,6.8315566542279,9.70217268536555,6.8315566542279,TRUE,0.6,0.0666666666666667,0,"synthetic_invalid"
"1802",3,13.6631133084558,0,6.8315566542279,8.66311330845581,6.8315566542279,TRUE,0.533333333333333,0.266666666666667,0,"synthetic_invalid"
"1803",3,13.6631133084558,2,5.8315566542279,10.4931883070135,5.8315566542279,TRUE,0.8,0,0,"synthetic_invalid"
"1804",4,13.6631133084558,0,4.5543711028186,8.53383029151084,5.4278791931991,TRUE,0.65,0.1,0,"synthetic_invalid"
"1805",4,13.6631133084558,1,4.22103776948527,6.97661278127259,4.9278791931991,TRUE,0.45,0.15,0,"synthetic_invalid"
"1806",5,13.6631133084558,0,3.41577832711395,7.17126021212613,5.10184084490925,TRUE,0.32,0.36,0,"synthetic_invalid"
"1807",4,13.6631133084558,0,4.5543711028186,5.70043971814109,3.98133679515736,TRUE,0.3,0.1,0,"synthetic_invalid"
"1808",6,13.6631133084558,1.58496250072116,2.41563016154693,4.26470322619441,4.08563010606307,TRUE,0.5,0.0333333333333333,0,"synthetic_invalid"
"1809",4,13.6631133084558,0,4.5543711028186,6.00173296722446,4.98133679515736,TRUE,0.25,0.3,0,"synthetic_invalid"
"1810",5,13.6631133084558,0,3.41577832711395,5.43462822763672,4.67059260678422,TRUE,0.32,0.12,0,"synthetic_invalid"
"1811",5,13.6631133084558,0,3.41577832711395,5.99777739127063,5.17059260678422,TRUE,0.6,0.08,0,"synthetic_invalid"
"1812",3,13.6631133084558,0,6.8315566542279,7.6724253419715,6.8315566542279,TRUE,0.4,0.266666666666667,0,"synthetic_invalid"
"1813",3,13.6631133084558,1.58496250072116,6.03907540386733,8.45365994282686,6.03907540386733,TRUE,0.6,0.133333333333333,0,"synthetic_invalid"
"1814",4,13.6631133084558,1,4.22103776948527,7.3963267677609,5.8315566542279,TRUE,0.65,0.05,0,"synthetic_invalid"
"1815",5,13.6631133084558,0,3.41577832711395,7.72280753116955,5.8315566542279,TRUE,0.6,0.08,0,"synthetic_invalid"
"1816",4,13.6631133084558,0,4.5543711028186,8.10852445677817,6.03907540386732,TRUE,0.4,0.3,0,"synthetic_invalid"
"1817",3,13.6631133084558,0,6.8315566542279,8.12412131182919,6.8315566542279,TRUE,0.533333333333333,0.133333333333333,0,"synthetic_invalid"
"1818",3,13.6631133084558,0,6.8315566542279,8.08214904135387,6.8315566542279,TRUE,0.4,0.2,0,"synthetic_invalid"
"1819",6,13.6631133084558,1,2.53262266169116,6.11721018464439,5.03907540386732,TRUE,0.566666666666667,0.0666666666666667,0,"synthetic_invalid"
"1820",3,13.6631133084558,1.58496250072116,6.03907540386732,7.3963267677609,6.03907540386732,TRUE,0.6,0.133333333333333,0,"synthetic_invalid"
"1821",4,13.6631133084558,0,4.5543711028186,5.40087943628218,4.67059260678422,TRUE,0.5,0.15,0,"synthetic_invalid"
"1822",5,13.6631133084558,0,3.41577832711395,6.17159382180293,5.03907540386732,TRUE,0.36,0.24,0,"synthetic_invalid"
"1823",3,13.6631133084558,0,6.8315566542279,8.10852445677817,6.8315566542279,TRUE,0.4,0.2,0,"synthetic_invalid"
"1824",3,13.6631133084558,1.58496250072116,6.03907540386732,8.17159382180293,6.03907540386732,TRUE,0.333333333333333,0.266666666666667,0,"synthetic_invalid"
"1825",4,13.6631133084558,0,4.5543711028186,6.38698890318157,5.4278791931991,TRUE,0.45,0.15,0,"synthetic_invalid"
"1826",5,13.6631133084558,2,2.91577832711395,4,3.4278791931991,TRUE,0.52,0.04,0,"synthetic_invalid"
"1827",5,13.6631133084558,0,3.41577832711395,6.72280753116955,5.3315566542279,TRUE,0.56,0.08,0,"synthetic_invalid"
"1828",6,13.6631133084558,1.58496250072116,2.41563016154693,4.53224768392324,4.24659415350675,TRUE,0.666666666666667,0.0333333333333333,0,"synthetic_invalid"
"1829",4,13.6631133084558,0,4.5543711028186,5.58629771140497,4.67059260678422,TRUE,0.4,0.3,0,"synthetic_invalid"
"1830",5,13.6631133084558,0,3.41577832711395,5.27940901598175,5.10184084490925,TRUE,0.48,0.2,0,"synthetic_invalid"
"1831",4,13.6631133084558,0,4.5543711028186,10.0781508077346,6.3315566542279,TRUE,0.4,0.3,0,"synthetic_invalid"
"1832",4,13.6631133084558,1.58496250072116,4.02605026924488,7.61871918909735,5.3315566542279,TRUE,0.5,0.15,0,"synthetic_invalid"
"1833",6,13.6631133084558,2.8073549220576,2.17115167727964,7.17126021212613,5.17059260678422,TRUE,0.633333333333333,0.133333333333333,0,"synthetic_invalid"
"1834",3,13.6631133084558,1.58496250072116,6.03907540386732,6.24526079356991,6.03907540386732,TRUE,0.333333333333333,0.4,0,"synthetic_invalid"
"1835",4,13.6631133084558,0,4.5543711028186,6.17929753119155,5.8315566542279,TRUE,0.6,0.05,0,"synthetic_invalid"
"1836",5,13.6631133084558,1,3.16577832711395,7.73237597089292,5.4278791931991,TRUE,0.6,0.12,0,"synthetic_invalid"
"1837",5,13.6631133084558,0,3.41577832711395,8.57565046720547,6.03907540386732,TRUE,0.72,0.08,0,"synthetic_invalid"
"1838",5,13.6631133084558,0,3.41577832711395,5.58629771140497,4.98133679515736,TRUE,0.48,0.24,0,"synthetic_invalid"
"1839",4,13.6631133084558,3,3.5543711028186,5.53899199662662,5.24659415350675,TRUE,0.65,0.05,0,"synthetic_invalid"
"1840",4,13.6631133084558,0,4.5543711028186,7.17126021212613,5.10184084490925,TRUE,0.35,0.45,0,"synthetic_invalid"
"1841",4,13.6631133084558,0,4.5543711028186,5.49185309632967,4.08563010606307,TRUE,0.4,0.05,0,"synthetic_invalid"
"1842",3,13.6631133084558,1,6.3315566542279,8.70217268536555,6.3315566542279,TRUE,0.466666666666667,0.133333333333333,0,"synthetic_invalid"
"1843",5,13.6631133084558,0,3.41577832711395,3.90655698593172,3.70759289750611,TRUE,0.4,0,0,"synthetic_invalid"
"1844",5,13.6631133084558,0,3.41577832711395,8.57565046720547,6.03907540386732,TRUE,0.72,0.08,0,"synthetic_invalid"
"1845",4,13.6631133084558,0,4.5543711028186,6.26337591253225,5.10184084490925,TRUE,0.3,0.35,0,"synthetic_invalid"
"1846",5,13.6631133084558,0,3.41577832711395,8.57565046720547,5.17059260678422,TRUE,0.6,0,0,"synthetic_invalid"
"1847",4,13.6631133084558,0,4.5543711028186,8.30556130383772,5.8315566542279,TRUE,0.6,0.15,0,"synthetic_invalid"
"1848",4,13.6631133084558,0,4.5543711028186,6.08746284125034,6.03907540386732,TRUE,0.55,0.1,0,"synthetic_invalid"
"1849",3,13.6631133084558,3.4594316186373,5.10184084490925,5.58096426710194,5.10184084490925,TRUE,0.4,0.133333333333333,0,"synthetic_invalid"
"1850",5,13.6631133084558,0,3.41577832711395,5.58629771140497,4.67059260678422,TRUE,0.4,0.32,0,"synthetic_invalid"
"1851",3,13.6631133084558,1.58496250072116,6.03907540386732,6.38082178394093,6.03907540386732,TRUE,0.333333333333333,0.4,0,"synthetic_invalid"
"1852",5,13.6631133084558,0,3.41577832711395,6.56508122549528,5.3315566542279,TRUE,0.6,0.12,0,"synthetic_invalid"
"1853",5,13.6631133084558,0,3.41577832711395,7.8557583863982,4.53907540386732,TRUE,0.6,0,0,"synthetic_invalid"
"1854",3,13.6631133084558,2.32192809488736,5.67059260678422,7.43462822763673,5.67059260678422,TRUE,0.333333333333333,0.133333333333333,0,"synthetic_invalid"
"1855",4,13.6631133084558,0,4.5543711028186,5.12928301694497,4.26691514575542,TRUE,0.4,0.15,0,"synthetic_invalid"
"1856",4,13.6631133084558,0,4.5543711028186,6.24412594328373,5.67059260678422,TRUE,0.25,0.5,0,"synthetic_invalid"
"1857",5,13.6631133084558,0,3.41577832711395,5.99777739127063,5.17059260678422,TRUE,0.6,0.08,0,"synthetic_invalid"
"1858",3,13.6631133084558,0,6.8315566542279,8.12412131182919,6.8315566542279,TRUE,0.466666666666667,0.133333333333333,0,"synthetic_invalid"
"1859",3,13.6631133084558,1.58496250072116,6.03907540386732,9.96267359031471,6.03907540386732,TRUE,0.733333333333333,0.0666666666666667,0,"synthetic_invalid"
"1860",6,13.6631133084558,1.58496250072116,2.41563016154693,4.90156207601133,4.03907540386732,TRUE,0.566666666666667,0.0333333333333333,0,"synthetic_invalid"
"1861",6,13.6631133084558,1,2.53262266169116,4.26470322619441,4.08563010606307,TRUE,0.4,0.0666666666666667,0,"synthetic_invalid"
"1862",4,13.6631133084558,0,4.5543711028186,5.64385618977472,4.00962855934054,TRUE,0.45,0.15,0,"synthetic_invalid"
"1863",3,13.6631133084558,0,6.8315566542279,9.41518579501222,6.8315566542279,TRUE,0.8,0,0,"synthetic_invalid"
"1864",4,13.6631133084558,0,4.5543711028186,5.58096426710194,4.98133679515736,TRUE,0.35,0.2,0,"synthetic_invalid"
"1865",3,13.6631133084558,0,6.8315566542279,7.6724253419715,6.8315566542279,TRUE,0.4,0.333333333333333,0,"synthetic_invalid"
"1866",2,13.6631133084558,3.32192809488736,10.3411852135684,10.3411852135684,0,TRUE,0.7,0.1,0,"synthetic_invalid"
"1867",4,13.6631133084558,0,4.5543711028186,6.17929753119155,4.78782523360273,TRUE,0.5,0.05,0,"synthetic_invalid"
"1868",4,13.6631133084558,0,4.5543711028186,6.96578428466209,6.3315566542279,TRUE,0.5,0.2,0,"synthetic_invalid"
"1869",5,13.6631133084558,1,3.16577832711395,9.96267359031471,5.53907540386732,TRUE,0.64,0.04,0,"synthetic_invalid"
"1870",4,13.6631133084558,3,3.5543711028186,5.53899199662662,5.24659415350675,TRUE,0.65,0.05,0,"synthetic_invalid"
"1871",4,13.6631133084558,0,4.5543711028186,6.58663132108178,5.24659415350675,TRUE,0.45,0.15,0,"synthetic_invalid"
"1872",3,13.6631133084558,3.58496250072116,5.03907540386732,5.59165094589918,5.03907540386732,TRUE,0.466666666666667,0.133333333333333,0,"synthetic_invalid"
"1873",5,13.6631133084558,1,3.16577832711395,4.26865061384549,4.22682997141343,TRUE,0.44,0.12,0,"synthetic_invalid"
"1874",3,13.6631133084558,0,6.8315566542279,10.4931883070135,6.8315566542279,TRUE,0.666666666666667,0.133333333333333,0,"synthetic_invalid"
"1875",4,13.6631133084558,1,4.22103776948527,5.69732902379372,5.17059260678422,TRUE,0.5,0.2,0,"synthetic_invalid"
"1876",5,13.6631133084558,0,3.41577832711395,5.43857301373963,4.70759289750611,TRUE,0.48,0.16,0,"synthetic_invalid"
"1877",3,13.6631133084558,1,6.3315566542279,9.75622271284729,6.3315566542279,TRUE,0.666666666666667,0.133333333333333,0,"synthetic_invalid"
"1878",5,13.6631133084558,0,3.41577832711395,6.17929753119155,5.67059260678422,TRUE,0.64,0,0,"synthetic_invalid"
"1879",6,13.6631133084558,0,2.73262266169116,4.43857301373963,4.20759289750611,TRUE,0.566666666666667,0.1,0,"synthetic_invalid"
"1880",5,13.6631133084558,0,3.41577832711395,8.96267359031471,5.3315566542279,TRUE,0.68,0.08,0,"synthetic_invalid"
"1881",4,13.6631133084558,0,4.5543711028186,8.72280753116955,6.3315566542279,TRUE,0.45,0.2,0,"synthetic_invalid"
"1882",4,13.6631133084558,0,4.5543711028186,7.58996318177952,6.03907540386732,TRUE,0.5,0.2,0,"synthetic_invalid"
"1883",4,13.6631133084558,0,4.5543711028186,7.17126021212613,5.17059260678422,TRUE,0.4,0.4,0,"synthetic_invalid"
"1884",4,13.6631133084558,0,4.5543711028186,5.58629771140497,5.4278791931991,TRUE,0.35,0.3,0,"synthetic_invalid"
"1885",4,13.6631133084558,0,4.5543711028186,5.99068796648431,4.5697756761994,TRUE,0.5,0.1,0,"synthetic_invalid"
"1886",4,13.6631133084558,0,4.5543711028186,5.58096426710194,5.24659415350675,TRUE,0.45,0.2,0,"synthetic_invalid"
"1887",4,13.6631133084558,0,4.5543711028186,5.45424517192196,4.70759289750611,TRUE,0.35,0.25,0,"synthetic_invalid"
"1888",6,13.6631133084558,0,2.73262266169116,5.58629771140497,4.67059260678422,TRUE,0.466666666666667,0.233333333333333,0,"synthetic_invalid"
"1889",5,13.6631133084558,0,3.41577832711395,5.27940901598175,4.20759289750611,TRUE,0.4,0.16,0,"synthetic_invalid"
"1890",6,13.6631133084558,2.58496250072116,2.21563016154693,5.09705927028471,4.11842427687685,TRUE,0.566666666666667,0.1,0,"synthetic_invalid"
"1891",3,13.6631133084558,1,6.3315566542279,8.41518579501222,6.3315566542279,TRUE,0.6,0.0666666666666667,0,"synthetic_invalid"
"1892",5,13.6631133084558,2,2.91577832711395,8.70891699806893,5.53907540386732,TRUE,0.68,0.12,0,"synthetic_invalid"
"1893",3,13.6631133084558,0,6.8315566542279,8.08214904135387,6.8315566542279,TRUE,0.4,0.266666666666667,0,"synthetic_invalid"
"1894",4,13.6631133084558,1.58496250072116,4.02605026924488,9.41518579501222,5.24659415350675,TRUE,0.7,0.05,0,"synthetic_invalid"
"1895",3,13.6631133084558,2.8073549220576,5.4278791931991,5.53899199662662,5.4278791931991,TRUE,0.4,0.133333333333333,0,"synthetic_invalid"
"1896",3,13.6631133084558,2.58496250072116,5.53907540386732,6.7927485888724,5.53907540386732,TRUE,0.466666666666667,0.133333333333333,0,"synthetic_invalid"
"1897",5,13.6631133084558,1,3.16577832711395,6.56605403817109,5.8315566542279,TRUE,0.6,0.16,0,"synthetic_invalid"
"1898",3,13.6631133084558,1.58496250072116,6.03907540386732,8.23684855375371,6.03907540386732,TRUE,0.533333333333333,0.133333333333333,0,"synthetic_invalid"
"1899",3,13.6631133084558,0,6.8315566542279,7.96578428466209,6.8315566542279,TRUE,0.466666666666667,0.266666666666667,0,"synthetic_invalid"
"1900",3,13.6631133084558,2,5.8315566542279,7.75622271284729,5.8315566542279,TRUE,0.6,0.2,0,"synthetic_invalid"
"1901",6,13.6631133084558,0,2.73262266169116,7.27079588567705,5.67059260678422,TRUE,0.7,0,0,"synthetic_invalid"
"1902",4,13.6631133084558,0,4.5543711028186,7.38024459047819,5.67059260678422,TRUE,0.35,0.25,0,"synthetic_invalid"
"1903",3,13.6631133084558,0,6.8315566542279,9.27079588567705,6.8315566542279,TRUE,0.533333333333333,0.4,0,"synthetic_invalid"
"1904",3,13.6631133084558,0,6.8315566542279,8.57565046720547,6.8315566542279,TRUE,0.666666666666667,0.0666666666666667,0,"synthetic_invalid"
"1905",3,13.6631133084558,0,6.8315566542279,9.70217268536555,6.8315566542279,TRUE,0.333333333333333,0.333333333333333,0,"synthetic_invalid"
"1906",5,13.6631133084558,1,3.16577832711395,6.56605403817109,5.8315566542279,TRUE,0.6,0.16,0,"synthetic_invalid"
"1907",4,13.6631133084558,0,4.5543711028186,5.43462822763672,4.67059260678422,TRUE,0.3,0.15,0,"synthetic_invalid"
"1908",5,13.6631133084558,0,3.41577832711395,7.8557583863982,4.53907540386732,TRUE,0.52,0.04,0,"synthetic_invalid"
"1909",3,13.6631133084558,2.32192809488736,5.67059260678422,7.43462822763673,5.67059260678422,TRUE,0.4,0.0666666666666667,0,"synthetic_invalid"
"1910",5,13.6631133084558,0,3.41577832711395,7.45365994282686,5.10184084490925,TRUE,0.64,0.12,0,"synthetic_invalid"
"1911",3,13.6631133084558,1,6.3315566542279,7.43429461795993,6.3315566542279,TRUE,0.666666666666667,0.0666666666666667,0,"synthetic_invalid"
"1912",3,13.6631133084558,0,6.8315566542279,8.23684855375371,6.8315566542279,TRUE,0.666666666666667,0.2,0,"synthetic_invalid"
"1913",6,13.6631133084558,0,2.73262266169116,4.92699816905709,4.70759289750611,TRUE,0.566666666666667,0.1,0,"synthetic_invalid"
"1914",3,13.6631133084558,1.58496250072116,6.03907540386732,9.96267359031471,6.03907540386732,TRUE,0.733333333333333,0.0666666666666667,0,"synthetic_invalid"
"1915",3,13.6631133084558,0,6.8315566542279,7.99068796648431,6.8315566542279,TRUE,0.4,0.4,0,"synthetic_invalid"
"1916",3,13.6631133084558,0,6.8315566542279,8.23684855375371,6.8315566542279,TRUE,0.666666666666667,0.2,0,"synthetic_invalid"
"1917",4,13.6631133084558,0,4.5543711028186,6.8557583863982,5.17059260678422,TRUE,0.4,0.45,0,"synthetic_invalid"
"1918",5,13.6631133084558,1,3.16577832711395,8.57565046720547,4.98133679515736,TRUE,0.64,0.04,0,"synthetic_invalid"
"1919",4,13.6631133084558,0,4.5543711028186,7.38370429247405,6.3315566542279,TRUE,0.55,0.15,0,"synthetic_invalid"
"1920",5,13.6631133084558,1,3.16577832711395,5.69732902379372,4.63539794283852,TRUE,0.52,0.12,0,"synthetic_invalid"
"1921",4,13.6631133084558,1.58496250072116,4.02605026924488,5.53899199662662,4.74659415350675,TRUE,0.5,0.05,0,"synthetic_invalid"
"1922",4,13.6631133084558,0,4.5543711028186,7.78047025909396,5.10184084490925,TRUE,0.5,0.1,0,"synthetic_invalid"
"1923",6,13.6631133084558,0,2.73262266169116,6.43462822763673,5.17059260678422,TRUE,0.566666666666667,0.1,0,"synthetic_invalid"
"1924",3,13.6631133084558,1,6.3315566542279,7.08214904135387,6.3315566542279,TRUE,0.4,0.266666666666667,0,"synthetic_invalid"
"1925",4,13.6631133084558,0,4.5543711028186,5.24792751344359,4.20759289750611,TRUE,0.55,0.05,0,"synthetic_invalid"
"1926",5,13.6631133084558,2.8073549220576,2.71393959659955,5.58096426710194,4.8315566542279,TRUE,0.56,0.04,0,"synthetic_invalid"
"1927",3,13.6631133084558,0,6.8315566542279,9.27079588567705,6.8315566542279,TRUE,0.4,0.466666666666667,0,"synthetic_invalid"
"1928",5,13.6631133084558,1.58496250072116,3.01953770193366,5.99777739127063,5.67059260678422,TRUE,0.64,0.12,0,"synthetic_invalid"
"1929",5,13.6631133084558,0,3.41577832711395,5.27940901598175,4.5697756761994,TRUE,0.52,0.16,0,"synthetic_invalid"
"1930",4,13.6631133084558,0,4.5543711028186,5.64385618977472,4.00962855934054,TRUE,0.45,0.15,0,"synthetic_invalid"
"1931",4,13.6631133084558,1.58496250072116,4.02605026924488,5.99777739127063,5.53907540386732,TRUE,0.6,0.05,0,"synthetic_invalid"
"1932",4,13.6631133084558,1.58496250072116,4.02605026924488,6.43429461795993,5.67059260678422,TRUE,0.45,0.35,0,"synthetic_invalid"
"1933",6,13.6631133084558,1,2.53262266169116,6.38698890318157,4.18885554479678,TRUE,0.633333333333333,0.0666666666666667,0,"synthetic_invalid"
"1934",4,13.6631133084558,2.32192809488736,3.78039507118948,8.70891699806893,5.53907540386732,TRUE,0.65,0.15,0,"synthetic_invalid"
"1935",6,13.6631133084558,0,2.73262266169116,6.94920140046648,5.4278791931991,TRUE,0.566666666666667,0.1,0,"synthetic_invalid"
"1936",3,13.6631133084558,3.8073549220576,4.9278791931991,5.91545260911194,4.9278791931991,TRUE,0.466666666666667,0.0666666666666667,0,"synthetic_invalid"
"1937",5,13.6631133084558,2.32192809488736,2.83529630339211,7.90822580629234,4.9278791931991,TRUE,0.6,0.08,0,"synthetic_invalid"
"1938",4,13.6631133084558,0,4.5543711028186,7.61871918909735,5.67059260678422,TRUE,0.6,0.05,0,"synthetic_invalid"
"1939",3,13.6631133084558,1,6.3315566542279,8.39446269461032,6.3315566542279,TRUE,0.4,0.266666666666667,0,"synthetic_invalid"
"1940",4,13.6631133084558,0,4.5543711028186,6.84293434604062,4.60184084490925,TRUE,0.6,0.1,0,"synthetic_invalid"
"1941",4,13.6631133084558,1,4.22103776948527,6.11721018464439,5.03907540386732,TRUE,0.55,0.1,0,"synthetic_invalid"
"1942",4,13.6631133084558,0,4.5543711028186,6.8557583863982,5.17059260678422,TRUE,0.4,0.45,0,"synthetic_invalid"
"1943",4,13.6631133084558,2.32192809488736,3.78039507118948,7.17126021212613,5.53907540386732,TRUE,0.55,0.25,0,"synthetic_invalid"
"1944",4,13.6631133084558,0,4.5543711028186,5.36423889974533,4.63539794283852,TRUE,0.35,0.1,0,"synthetic_invalid"
"1945",6,13.6631133084558,0,2.73262266169116,7.13955135239879,4.87811135642364,TRUE,0.633333333333333,0.0333333333333333,0,"synthetic_invalid"
"1946",4,13.6631133084558,0,4.5543711028186,5.58629771140497,4.4278791931991,TRUE,0.25,0.3,0,"synthetic_invalid"
"1947",4,13.6631133084558,0,4.5543711028186,5.27940901598175,4.67059260678422,TRUE,0.45,0.15,0,"synthetic_invalid"
"1948",4,13.6631133084558,0,4.5543711028186,7.61871918909735,6.3315566542279,TRUE,0.4,0.35,0,"synthetic_invalid"
"1949",6,13.6631133084558,0,2.73262266169116,7.27079588567705,5.67059260678422,TRUE,0.7,0,0,"synthetic_invalid"
"1950",4,13.6631133084558,1,4.22103776948527,7.72280753116955,5.8315566542279,TRUE,0.55,0.1,0,"synthetic_invalid"
"1951",5,13.6631133084558,1,3.16577832711395,6.58629771140497,5.4278791931991,TRUE,0.48,0.24,0,"synthetic_invalid"
"1952",6,13.6631133084558,2,2.33262266169116,3.90655698593172,3.70759289750611,TRUE,0.566666666666667,0,0,"synthetic_invalid"
"1953",5,13.6631133084558,1,3.16577832711395,5.59165094589918,4.13539794283852,TRUE,0.44,0.04,0,"synthetic_invalid"
"1954",5,13.6631133084558,0,3.41577832711395,5.09705927028471,4.50962855934054,TRUE,0.56,0.08,0,"synthetic_invalid"
"1955",6,13.6631133084558,1,2.53262266169116,8.30556130383772,5.67059260678422,TRUE,0.666666666666667,0.1,0,"synthetic_invalid"
"1956",5,13.6631133084558,1.58496250072116,3.01953770193366,6.00173296722446,4.98133679515736,TRUE,0.56,0.08,0,"synthetic_invalid"
"1957",5,13.6631133084558,0,3.41577832711395,6.58663132108178,5.24659415350675,TRUE,0.56,0.08,0,"synthetic_invalid"
"1958",2,13.6631133084558,4.58496250072116,9.07815080773465,9.07815080773465,0,TRUE,0.6,0.2,0,"synthetic_invalid"
"1959",5,13.6631133084558,2,2.91577832711395,3.96094062309026,3.72682997141343,TRUE,0.52,0.08,0,"synthetic_invalid"
"1960",4,13.6631133084558,0,4.5543711028186,5.58096426710194,4.87811135642364,TRUE,0.35,0.2,0,"synthetic_invalid"
"1961",5,13.6631133084558,0,3.41577832711395,5.58663132108178,4.74659415350675,TRUE,0.52,0,0,"synthetic_invalid"
"1962",5,13.6631133084558,0,3.41577832711395,4.52356195605701,3.72682997141343,TRUE,0.44,0.08,0,"synthetic_invalid"
"1963",5,13.6631133084558,0,3.41577832711395,6.97661278127259,5.3315566542279,TRUE,0.68,0.04,0,"synthetic_invalid"
"1964",3,13.6631133084558,3.8073549220576,4.9278791931991,6.55458885167764,4.9278791931991,TRUE,0.533333333333333,0.0666666666666667,0,"synthetic_invalid"
"1965",3,13.6631133084558,1,6.3315566542279,7.3963267677609,6.3315566542279,TRUE,0.6,0.133333333333333,0,"synthetic_invalid"
"1966",4,13.6631133084558,2,3.88770443615194,8.96267359031471,5.3315566542279,TRUE,0.65,0.05,0,"synthetic_invalid"
"1967",3,13.6631133084558,2,5.8315566542279,7.72280753116955,5.8315566542279,TRUE,0.466666666666667,0.133333333333333,0,"synthetic_invalid"
"1968",5,13.6631133084558,0,3.41577832711395,5.51657552574091,4.74659415350675,TRUE,0.48,0.16,0,"synthetic_invalid"
"1969",6,13.6631133084558,1,2.53262266169116,4.90156207601133,4.74659415350675,TRUE,0.566666666666667,0.0333333333333333,0,"synthetic_invalid"
"1970",3,13.6631133084558,0,6.8315566542279,7.55458885167764,6.8315566542279,TRUE,0.6,0.0666666666666667,0,"synthetic_invalid"
"1971",3,13.6631133084558,0,6.8315566542279,7.96578428466209,6.8315566542279,TRUE,0.333333333333333,0.4,0,"synthetic_invalid"
"1972",2,13.6631133084558,1.58496250072116,12.0781508077346,12.0781508077346,0,TRUE,0.9,0,0,"synthetic_invalid"
"1973",5,13.6631133084558,0,3.41577832711395,6.11721018464439,5.03907540386732,TRUE,0.56,0.08,0,"synthetic_invalid"
"1974",5,13.6631133084558,0,3.41577832711395,4.05831649559082,4.00962855934054,TRUE,0.28,0.24,0,"synthetic_invalid"
"1975",5,13.6631133084558,0,3.41577832711395,6.97661278127259,4.53907540386732,TRUE,0.6,0,0,"synthetic_invalid"
"1976",5,13.6631133084558,1,3.16577832711395,5.96578428466209,5.8315566542279,TRUE,0.6,0.16,0,"synthetic_invalid"
"1977",5,13.6631133084558,1,3.16577832711395,7.41518579501222,4.63539794283852,TRUE,0.64,0,0,"synthetic_invalid"
"1978",6,13.6631133084558,1,2.53262266169116,4.90156207601133,4.74659415350675,TRUE,0.566666666666667,0.0333333333333333,0,"synthetic_invalid"
"1979",3,13.6631133084558,1.58496250072116,6.03907540386732,6.27940901598175,6.03907540386732,TRUE,0.466666666666667,0.266666666666667,0,"synthetic_invalid"
"1980",6,13.6631133084558,0,2.73262266169116,4.4927193197366,4.22682997141343,TRUE,0.466666666666667,0.0666666666666667,0,"synthetic_invalid"
"1981",4,13.6631133084558,0,4.5543711028186,6.94920140046648,5.4278791931991,TRUE,0.45,0.2,0,"synthetic_invalid"
"1982",3,13.6631133084558,2.32192809488736,5.67059260678422,5.74953426766926,5.67059260678422,TRUE,0.466666666666667,0.133333333333333,0,"synthetic_invalid"
"1983",4,13.6631133084558,1.58496250072116,4.02605026924488,4.55288252972723,4.24659415350675,TRUE,0.45,0.1,0,"synthetic_invalid"
"1984",5,13.6631133084558,0,3.41577832711395,5.51657552574091,4.74659415350675,TRUE,0.4,0.2,0,"synthetic_invalid"
"1985",4,13.6631133084558,0,4.5543711028186,7.17126021212613,5.17059260678422,TRUE,0.45,0.35,0,"synthetic_invalid"
"1986",3,13.6631133084558,1.58496250072116,6.03907540386732,8.11721018464439,6.03907540386732,TRUE,0.466666666666667,0.2,0,"synthetic_invalid"
"1987",4,13.6631133084558,0,4.5543711028186,7.17126021212613,5.17059260678422,TRUE,0.4,0.4,0,"synthetic_invalid"
"1988",5,13.6631133084558,0,3.41577832711395,4.90156207601133,4.63539794283852,TRUE,0.44,0.2,0,"synthetic_invalid"
"1989",4,13.6631133084558,1.58496250072116,4.02605026924488,5.59165094589918,4.63539794283852,TRUE,0.45,0,0,"synthetic_invalid"
"1990",5,13.6631133084558,1.58496250072116,3.01953770193366,5.99068796648431,4.48133679515736,TRUE,0.48,0.08,0,"synthetic_invalid"
"1991",4,13.6631133084558,0,4.5543711028186,5.43462822763672,4.67059260678422,TRUE,0.3,0.15,0,"synthetic_invalid"
"1992",3,13.6631133084558,0,6.8315566542279,8.23684855375371,6.8315566542279,TRUE,0.6,0.133333333333333,0,"synthetic_invalid"
"1993",4,13.6631133084558,0,4.5543711028186,5.53899199662662,5.03907540386732,TRUE,0.4,0.15,0,"synthetic_invalid"
"1994",6,13.6631133084558,1,2.53262266169116,5.99777739127063,4.70759289750611,TRUE,0.566666666666667,0.0666666666666667,0,"synthetic_invalid"
"1995",6,13.6631133084558,0,2.73262266169116,7.8557583863982,5.8315566542279,TRUE,0.733333333333333,0.0333333333333333,0,"synthetic_invalid"
"1996",3,13.6631133084558,1,6.3315566542279,7.78047025909396,6.3315566542279,TRUE,0.533333333333333,0.133333333333333,0,"synthetic_invalid"
"1997",3,13.6631133084558,0,6.8315566542279,11.6631133084558,6.8315566542279,TRUE,0.6,0.266666666666667,0,"synthetic_invalid"
"1998",4,13.6631133084558,0,4.5543711028186,5.76022094646651,5.67059260678422,TRUE,0.35,0.2,0,"synthetic_invalid"
"1999",4,13.6631133084558,0,4.5543711028186,5.38024459047819,4.67059260678422,TRUE,0.45,0.1,0,"synthetic_invalid"
"2000",6,13.6631133084558,1,2.53262266169116,6.24526079356991,5.67059260678422,TRUE,0.566666666666667,0.133333333333333,0,"synthetic_invalid"
